﻿{"data":[{"GPOChanges":{"LocalAdmins":[],"RemoteDesktopUsers":[],"DcomUsers":[],"PSRemoteUsers":[],"AffectedComputers":[]},"Properties":{"domain":"CERBERUS.LOCAL","name":"CERBERUS.LOCAL","distinguishedname":"DC=CERBERUS,DC=LOCAL","domainsid":"S-1-5-21-4088429403-1159899800-2753317549","highvalue":true,"description":null,"whencreated":1674376352,"functionallevel":"2016"},"ChildObjects":[{"ObjectIdentifier":"5932DF16-7C99-48C9-BE12-032CF0A97355","ObjectType":"Container"},{"ObjectIdentifier":"198EBF27-A66A-4767-AB8C-306179DFE384","ObjectType":"OU"},{"ObjectIdentifier":"F35F4AEC-6A5E-43CF-A894-2F647CCA6ED2","ObjectType":"Container"},{"ObjectIdentifier":"EF35E314-5A75-45C6-BE2C-55DBF780AE51","ObjectType":"Container"},{"ObjectIdentifier":"972DA046-1DB2-429C-B7FD-4ADA746581F0","ObjectType":"Container"}],"Trusts":[],"Links":[{"IsEnforced":false,"GUID":"DB46293D-BF25-4087-888B-D4207840DD66"}],"Aces":[{"PrincipalSID":"CERBERUS.LOCAL-S-1-5-32-544","PrincipalType":"Group","RightName":"Owns","IsInherited":false},{"PrincipalSID":"CERBERUS.LOCAL-S-1-5-32-544","PrincipalType":"Group","RightName":"WriteDacl","IsInherited":false},{"PrincipalSID":"CERBERUS.LOCAL-S-1-5-32-544","PrincipalType":"Group","RightName":"WriteOwner","IsInherited":false},{"PrincipalSID":"CERBERUS.LOCAL-S-1-5-32-544","PrincipalType":"Group","RightName":"AllExtendedRights","IsInherited":false},{"PrincipalSID":"S-1-5-21-4088429403-1159899800-2753317549-512","PrincipalType":"Group","RightName":"WriteDacl","IsInherited":false},{"PrincipalSID":"S-1-5-21-4088429403-1159899800-2753317549-512","PrincipalType":"Group","RightName":"WriteOwner","IsInherited":false},{"PrincipalSID":"S-1-5-21-4088429403-1159899800-2753317549-512","PrincipalType":"Group","RightName":"AllExtendedRights","IsInherited":false},{"PrincipalSID":"S-1-5-21-4088429403-1159899800-2753317549-519","PrincipalType":"Group","RightName":"GenericAll","IsInherited":false},{"PrincipalSID":"CERBERUS.LOCAL-S-1-5-9","PrincipalType":"Group","RightName":"GetChanges","IsInherited":false},{"PrincipalSID":"CERBERUS.LOCAL-S-1-5-9","PrincipalType":"Group","RightName":"GetChangesInFilteredSet","IsInherited":false},{"PrincipalSID":"CERBERUS.LOCAL-S-1-5-32-544","PrincipalType":"Group","RightName":"GetChangesAll","IsInherited":false},{"PrincipalSID":"CERBERUS.LOCAL-S-1-5-32-544","PrincipalType":"Group","RightName":"GetChanges","IsInherited":false},{"PrincipalSID":"CERBERUS.LOCAL-S-1-5-32-544","PrincipalType":"Group","RightName":"GetChangesInFilteredSet","IsInherited":false},{"PrincipalSID":"S-1-5-21-4088429403-1159899800-2753317549-498","PrincipalType":"Group","RightName":"GetChanges","IsInherited":false},{"PrincipalSID":"S-1-5-21-4088429403-1159899800-2753317549-516","PrincipalType":"Group","RightName":"GetChangesAll","IsInherited":false}],"ObjectIdentifier":"S-1-5-21-4088429403-1159899800-2753317549","IsDeleted":false,"IsACLProtected":false}],"meta":{"methods":29675,"type":"domains","count":1,"version":5}}