﻿{"data":[{"Properties":{"domain":"CERBERUS.LOCAL","name":"ICINGA","distinguishedname":"CN=ICINGA,CN=COMPUTERS,DC=CERBERUS,DC=LOCAL","domainsid":"S-1-5-21-4088429403-1159899800-2753317549","highvalue":false,"samaccountname":"ICINGA$","haslaps":false,"description":null,"whencreated":1677643500,"enabled":true,"unconstraineddelegation":false,"trustedtoauth":false,"lastlogon":1677760424,"lastlogontimestamp":1677672300,"pwdlastset":1677672300,"serviceprincipalnames":["RestrictedKrbHost/ICINGA","host/ICINGA"],"operatingsystem":"pc-linux-gnu","sidhistory":[]},"PrimaryGroupSID":"S-1-5-21-4088429403-1159899800-2753317549-515","AllowedToDelegate":[],"AllowedToAct":[],"HasSIDHistory":[],"Sessions":{"Results":[],"Collected":false,"FailureReason":null},"PrivilegedSessions":{"Results":[],"Collected":false,"FailureReason":null},"RegistrySessions":{"Results":[],"Collected":false,"FailureReason":null},"LocalAdmins":{"Results":[],"Collected":false,"FailureReason":null},"RemoteDesktopUsers":{"Results":[],"Collected":false,"FailureReason":null},"DcomUsers":{"Results":[],"Collected":false,"FailureReason":null},"PSRemoteUsers":{"Results":[],"Collected":false,"FailureReason":null},"Status":null,"Aces":[{"PrincipalSID":"S-1-5-21-4088429403-1159899800-2753317549-512","PrincipalType":"Group","RightName":"Owns","IsInherited":false},{"PrincipalSID":"CERBERUS.LOCAL-S-1-5-32-548","PrincipalType":"Group","RightName":"GenericAll","IsInherited":false},{"PrincipalSID":"S-1-5-21-4088429403-1159899800-2753317549-512","PrincipalType":"Group","RightName":"GenericAll","IsInherited":false},{"PrincipalSID":"S-1-5-21-4088429403-1159899800-2753317549-526","PrincipalType":"Group","RightName":"AddKeyCredentialLink","IsInherited":true},{"PrincipalSID":"S-1-5-21-4088429403-1159899800-2753317549-527","PrincipalType":"Group","RightName":"AddKeyCredentialLink","IsInherited":true},{"PrincipalSID":"S-1-5-21-4088429403-1159899800-2753317549-519","PrincipalType":"Group","RightName":"GenericAll","IsInherited":true},{"PrincipalSID":"CERBERUS.LOCAL-S-1-5-32-544","PrincipalType":"Group","RightName":"WriteDacl","IsInherited":true},{"PrincipalSID":"CERBERUS.LOCAL-S-1-5-32-544","PrincipalType":"Group","RightName":"WriteOwner","IsInherited":true},{"PrincipalSID":"CERBERUS.LOCAL-S-1-5-32-544","PrincipalType":"Group","RightName":"GenericWrite","IsInherited":true}],"ObjectIdentifier":"S-1-5-21-4088429403-1159899800-2753317549-9102","IsDeleted":false,"IsACLProtected":false},{"Properties":{"domain":"CERBERUS.LOCAL","name":"DC.CERBERUS.LOCAL","distinguishedname":"CN=DC,OU=DOMAIN CONTROLLERS,DC=CERBERUS,DC=LOCAL","domainsid":"S-1-5-21-4088429403-1159899800-2753317549","highvalue":false,"samaccountname":"DC$","haslaps":false,"description":null,"whencreated":1674376411,"enabled":true,"unconstraineddelegation":true,"trustedtoauth":false,"lastlogon":1683404586,"lastlogontimestamp":1683260612,"pwdlastset":1683260588,"serviceprincipalnames":["Dfsr-12F9A27C-BF97-4787-9364-D31B6C55EB04/DC.cerberus.local","ldap/WIN-LR8T2EF8VHM/CERBERUS","HOST/WIN-LR8T2EF8VHM/cerberus.local","ldap/WIN-LR8T2EF8VHM/ForestDnsZones.cerberus.local","HOST/WIN-LR8T2EF8VHM/CERBERUS","ldap/DC/ForestDnsZones.cerberus.local","ldap/WIN-LR8T2EF8VHM/DomainDnsZones.cerberus.local","HOST/DC/cerberus.local","ldap/DC/DomainDnsZones.cerberus.local","GC/DC/cerberus.local","ldap/WIN-LR8T2EF8VHM/cerberus.local","GC/WIN-LR8T2EF8VHM/cerberus.local","ldap/DC/cerberus.local","Hyper-V Replica Service/WIN-LR8T2EF8VHM","Microsoft Virtual System Migration Service/WIN-LR8T2EF8VHM","Microsoft Virtual Console Service/WIN-LR8T2EF8VHM","RestrictedKrbHost/WIN-LR8T2EF8VHM","HOST/WIN-LR8T2EF8VHM","ldap/WIN-LR8T2EF8VHM","HOST/DC/CERBERUS","ldap/DC/CERBERUS","Hyper-V Replica Service/DC","Hyper-V Replica Service/DC.cerberus.local","Microsoft Virtual System Migration Service/DC","Microsoft Virtual System Migration Service/DC.cerberus.local","Microsoft Virtual Console Service/DC","Microsoft Virtual Console Service/DC.cerberus.local","ldap/DC.cerberus.local/ForestDnsZones.cerberus.local","ldap/DC.cerberus.local/DomainDnsZones.cerberus.local","DNS/DC.cerberus.local","GC/DC.cerberus.local/cerberus.local","RestrictedKrbHost/DC.cerberus.local","RestrictedKrbHost/DC","HOST/DC.cerberus.local/CERBERUS","HOST/DC","HOST/DC.cerberus.local","HOST/DC.cerberus.local/cerberus.local","ldap/DC.cerberus.local/CERBERUS","ldap/DC","ldap/DC.cerberus.local","ldap/DC.cerberus.local/cerberus.local","RPC/8204afdf-9e86-4350-b6de-f5b622bb843c._msdcs.cerberus.local","E3514235-4B06-11D1-AB04-00C04FC2DCD2/8204afdf-9e86-4350-b6de-f5b622bb843c/cerberus.local","ldap/8204afdf-9e86-4350-b6de-f5b622bb843c._msdcs.cerberus.local"],"operatingsystem":"Windows Server 2019 Standard","sidhistory":[]},"PrimaryGroupSID":"S-1-5-21-4088429403-1159899800-2753317549-516","AllowedToDelegate":[],"AllowedToAct":[],"HasSIDHistory":[],"Sessions":{"Results":[],"Collected":false,"FailureReason":"ERROR_ACCESS_DENIED"},"PrivilegedSessions":{"Results":[],"Collected":false,"FailureReason":null},"RegistrySessions":{"Results":[],"Collected":false,"FailureReason":null},"LocalAdmins":{"Results":[{"ObjectIdentifier":"S-1-5-21-4088429403-1159899800-2753317549-500","ObjectType":"User"},{"ObjectIdentifier":"S-1-5-21-4088429403-1159899800-2753317549-519","ObjectType":"Group"},{"ObjectIdentifier":"S-1-5-21-4088429403-1159899800-2753317549-512","ObjectType":"Group"}],"Collected":true,"FailureReason":null},"RemoteDesktopUsers":{"Results":[],"Collected":true,"FailureReason":null},"DcomUsers":{"Results":[],"Collected":true,"FailureReason":null},"PSRemoteUsers":{"Results":[{"ObjectIdentifier":"S-1-5-21-4088429403-1159899800-2753317549-1104","ObjectType":"User"}],"Collected":true,"FailureReason":null},"Status":null,"Aces":[{"PrincipalSID":"S-1-5-21-4088429403-1159899800-2753317549-512","PrincipalType":"Group","RightName":"Owns","IsInherited":false},{"PrincipalSID":"S-1-5-21-4088429403-1159899800-2753317549-512","PrincipalType":"Group","RightName":"GenericAll","IsInherited":false},{"PrincipalSID":"S-1-5-21-4088429403-1159899800-2753317549-526","PrincipalType":"Group","RightName":"AddKeyCredentialLink","IsInherited":true},{"PrincipalSID":"S-1-5-21-4088429403-1159899800-2753317549-527","PrincipalType":"Group","RightName":"AddKeyCredentialLink","IsInherited":true},{"PrincipalSID":"S-1-5-21-4088429403-1159899800-2753317549-519","PrincipalType":"Group","RightName":"GenericAll","IsInherited":true},{"PrincipalSID":"CERBERUS.LOCAL-S-1-5-32-544","PrincipalType":"Group","RightName":"WriteDacl","IsInherited":true},{"PrincipalSID":"CERBERUS.LOCAL-S-1-5-32-544","PrincipalType":"Group","RightName":"WriteOwner","IsInherited":true},{"PrincipalSID":"CERBERUS.LOCAL-S-1-5-32-544","PrincipalType":"Group","RightName":"GenericWrite","IsInherited":true}],"ObjectIdentifier":"S-1-5-21-4088429403-1159899800-2753317549-1000","IsDeleted":false,"IsACLProtected":false}],"meta":{"methods":29675,"type":"computers","count":2,"version":5}}