﻿{"data":[{"Properties":{"domain":"CERBERUS.LOCAL","name":"POLICYTEMPLATE@CERBERUS.LOCAL","distinguishedname":"CN=POLICYTEMPLATE,CN=WMIPOLICY,CN=SYSTEM,DC=CERBERUS,DC=LOCAL","domainsid":"S-1-5-21-4088429403-1159899800-2753317549","highvalue":false},"ChildObjects":[],"Aces":[{"PrincipalSID":"S-1-5-21-4088429403-1159899800-2753317549-512","PrincipalType":"Group","RightName":"Owns","IsInherited":false},{"PrincipalSID":"S-1-5-21-4088429403-1159899800-2753317549-512","PrincipalType":"Group","RightName":"WriteDacl","IsInherited":false},{"PrincipalSID":"S-1-5-21-4088429403-1159899800-2753317549-512","PrincipalType":"Group","RightName":"WriteOwner","IsInherited":false},{"PrincipalSID":"S-1-5-21-4088429403-1159899800-2753317549-519","PrincipalType":"Group","RightName":"GenericAll","IsInherited":true},{"PrincipalSID":"S-1-5-21-4088429403-1159899800-2753317549-512","PrincipalType":"Group","RightName":"GenericAll","IsInherited":true}],"ObjectIdentifier":"032CAAF2-9DB5-462D-A407-0D3378D0F227","IsDeleted":false,"IsACLProtected":false},{"Properties":{"domain":"CERBERUS.LOCAL","name":"POLICYTYPE@CERBERUS.LOCAL","distinguishedname":"CN=POLICYTYPE,CN=WMIPOLICY,CN=SYSTEM,DC=CERBERUS,DC=LOCAL","domainsid":"S-1-5-21-4088429403-1159899800-2753317549","highvalue":false},"ChildObjects":[],"Aces":[{"PrincipalSID":"S-1-5-21-4088429403-1159899800-2753317549-512","PrincipalType":"Group","RightName":"Owns","IsInherited":false},{"PrincipalSID":"S-1-5-21-4088429403-1159899800-2753317549-512","PrincipalType":"Group","RightName":"WriteDacl","IsInherited":false},{"PrincipalSID":"S-1-5-21-4088429403-1159899800-2753317549-512","PrincipalType":"Group","RightName":"WriteOwner","IsInherited":false},{"PrincipalSID":"S-1-5-21-4088429403-1159899800-2753317549-519","PrincipalType":"Group","RightName":"GenericAll","IsInherited":true},{"PrincipalSID":"S-1-5-21-4088429403-1159899800-2753317549-512","PrincipalType":"Group","RightName":"GenericAll","IsInherited":true}],"ObjectIdentifier":"EB69A014-DFF4-4B45-9043-0807FD0A069F","IsDeleted":false,"IsACLProtected":false},{"Properties":{"domain":"CERBERUS.LOCAL","name":"WMIPOLICY@CERBERUS.LOCAL","distinguishedname":"CN=WMIPOLICY,CN=SYSTEM,DC=CERBERUS,DC=LOCAL","domainsid":"S-1-5-21-4088429403-1159899800-2753317549","highvalue":false},"ChildObjects":[],"Aces":[{"PrincipalSID":"S-1-5-21-4088429403-1159899800-2753317549-512","PrincipalType":"Group","RightName":"Owns","IsInherited":false},{"PrincipalSID":"S-1-5-21-4088429403-1159899800-2753317549-512","PrincipalType":"Group","RightName":"GenericAll","IsInherited":false},{"PrincipalSID":"S-1-5-21-4088429403-1159899800-2753317549-519","PrincipalType":"Group","RightName":"GenericAll","IsInherited":false}],"ObjectIdentifier":"E5B217A9-49E7-456A-8C73-BC628B2A00D8","IsDeleted":false,"IsACLProtected":true},{"Properties":{"domain":"CERBERUS.LOCAL","name":"ADMINSDHOLDER@CERBERUS.LOCAL","distinguishedname":"CN=ADMINSDHOLDER,CN=SYSTEM,DC=CERBERUS,DC=LOCAL","domainsid":"S-1-5-21-4088429403-1159899800-2753317549","highvalue":false},"ChildObjects":[],"Aces":[{"PrincipalSID":"S-1-5-21-4088429403-1159899800-2753317549-512","PrincipalType":"Group","RightName":"Owns","IsInherited":false},{"PrincipalSID":"CERBERUS.LOCAL-S-1-5-32-544","PrincipalType":"Group","RightName":"WriteDacl","IsInherited":false},{"PrincipalSID":"CERBERUS.LOCAL-S-1-5-32-544","PrincipalType":"Group","RightName":"WriteOwner","IsInherited":false},{"PrincipalSID":"S-1-5-21-4088429403-1159899800-2753317549-512","PrincipalType":"Group","RightName":"WriteDacl","IsInherited":false},{"PrincipalSID":"S-1-5-21-4088429403-1159899800-2753317549-512","PrincipalType":"Group","RightName":"WriteOwner","IsInherited":false},{"PrincipalSID":"S-1-5-21-4088429403-1159899800-2753317549-519","PrincipalType":"Group","RightName":"WriteDacl","IsInherited":false},{"PrincipalSID":"S-1-5-21-4088429403-1159899800-2753317549-519","PrincipalType":"Group","RightName":"WriteOwner","IsInherited":false}],"ObjectIdentifier":"1DE18E21-6C17-4428-9CCB-F4188C631D5C","IsDeleted":false,"IsACLProtected":true},{"Properties":{"domain":"CERBERUS.LOCAL","name":"WMIGPO@CERBERUS.LOCAL","distinguishedname":"CN=WMIGPO,CN=WMIPOLICY,CN=SYSTEM,DC=CERBERUS,DC=LOCAL","domainsid":"S-1-5-21-4088429403-1159899800-2753317549","highvalue":false},"ChildObjects":[],"Aces":[{"PrincipalSID":"S-1-5-21-4088429403-1159899800-2753317549-512","PrincipalType":"Group","RightName":"Owns","IsInherited":false},{"PrincipalSID":"S-1-5-21-4088429403-1159899800-2753317549-512","PrincipalType":"Group","RightName":"WriteDacl","IsInherited":false},{"PrincipalSID":"S-1-5-21-4088429403-1159899800-2753317549-512","PrincipalType":"Group","RightName":"WriteOwner","IsInherited":false},{"PrincipalSID":"S-1-5-21-4088429403-1159899800-2753317549-519","PrincipalType":"Group","RightName":"GenericAll","IsInherited":true},{"PrincipalSID":"S-1-5-21-4088429403-1159899800-2753317549-512","PrincipalType":"Group","RightName":"GenericAll","IsInherited":true}],"ObjectIdentifier":"64728F5A-9256-4CD2-9553-FF11D7E33D01","IsDeleted":false,"IsACLProtected":false},{"Properties":{"domain":"CERBERUS.LOCAL","name":"ADFS@CERBERUS.LOCAL","distinguishedname":"CN=ADFS,CN=MICROSOFT,CN=PROGRAM DATA,DC=CERBERUS,DC=LOCAL","domainsid":"S-1-5-21-4088429403-1159899800-2753317549","highvalue":false},"ChildObjects":[],"Aces":[{"PrincipalSID":"S-1-5-21-4088429403-1159899800-2753317549-512","PrincipalType":"Group","RightName":"Owns","IsInherited":false},{"PrincipalSID":"S-1-5-21-4088429403-1159899800-2753317549-512","PrincipalType":"Group","RightName":"GenericAll","IsInherited":false},{"PrincipalSID":"S-1-5-21-4088429403-1159899800-2753317549-519","PrincipalType":"Group","RightName":"GenericAll","IsInherited":true},{"PrincipalSID":"CERBERUS.LOCAL-S-1-5-32-544","PrincipalType":"Group","RightName":"WriteDacl","IsInherited":true},{"PrincipalSID":"CERBERUS.LOCAL-S-1-5-32-544","PrincipalType":"Group","RightName":"WriteOwner","IsInherited":true}],"ObjectIdentifier":"AD299478-4E6F-4712-A828-5DD77827110F","IsDeleted":false,"IsACLProtected":false},{"Properties":{"domain":"CERBERUS.LOCAL","name":"FOREIGNSECURITYPRINCIPALS@CERBERUS.LOCAL","distinguishedname":"CN=FOREIGNSECURITYPRINCIPALS,DC=CERBERUS,DC=LOCAL","domainsid":"S-1-5-21-4088429403-1159899800-2753317549","highvalue":false},"ChildObjects":[],"Aces":[{"PrincipalSID":"S-1-5-21-4088429403-1159899800-2753317549-512","PrincipalType":"Group","RightName":"Owns","IsInherited":false},{"PrincipalSID":"S-1-5-21-4088429403-1159899800-2753317549-512","PrincipalType":"Group","RightName":"GenericAll","IsInherited":false},{"PrincipalSID":"S-1-5-21-4088429403-1159899800-2753317549-519","PrincipalType":"Group","RightName":"GenericAll","IsInherited":true},{"PrincipalSID":"CERBERUS.LOCAL-S-1-5-32-544","PrincipalType":"Group","RightName":"WriteDacl","IsInherited":true},{"PrincipalSID":"CERBERUS.LOCAL-S-1-5-32-544","PrincipalType":"Group","RightName":"WriteOwner","IsInherited":true}],"ObjectIdentifier":"F35F4AEC-6A5E-43CF-A894-2F647CCA6ED2","IsDeleted":false,"IsACLProtected":false},{"Properties":{"domain":"CERBERUS.LOCAL","name":"RPCSERVICES@CERBERUS.LOCAL","distinguishedname":"CN=RPCSERVICES,CN=SYSTEM,DC=CERBERUS,DC=LOCAL","domainsid":"S-1-5-21-4088429403-1159899800-2753317549","highvalue":false},"ChildObjects":[],"Aces":[{"PrincipalSID":"S-1-5-21-4088429403-1159899800-2753317549-512","PrincipalType":"Group","RightName":"Owns","IsInherited":false},{"PrincipalSID":"S-1-5-21-4088429403-1159899800-2753317549-512","PrincipalType":"Group","RightName":"WriteDacl","IsInherited":false},{"PrincipalSID":"S-1-5-21-4088429403-1159899800-2753317549-512","PrincipalType":"Group","RightName":"WriteOwner","IsInherited":false},{"PrincipalSID":"S-1-5-21-4088429403-1159899800-2753317549-519","PrincipalType":"Group","RightName":"GenericAll","IsInherited":true},{"PrincipalSID":"CERBERUS.LOCAL-S-1-5-32-544","PrincipalType":"Group","RightName":"WriteDacl","IsInherited":true},{"PrincipalSID":"CERBERUS.LOCAL-S-1-5-32-544","PrincipalType":"Group","RightName":"WriteOwner","IsInherited":true}],"ObjectIdentifier":"0BB28BED-C9EF-4A52-83B6-B02A068AB1F6","IsDeleted":false,"IsACLProtected":false},{"Properties":{"domain":"CERBERUS.LOCAL","name":"PSPS@CERBERUS.LOCAL","distinguishedname":"CN=PSPS,CN=SYSTEM,DC=CERBERUS,DC=LOCAL","domainsid":"S-1-5-21-4088429403-1159899800-2753317549","highvalue":false},"ChildObjects":[],"Aces":[{"PrincipalSID":"S-1-5-21-4088429403-1159899800-2753317549-512","PrincipalType":"Group","RightName":"Owns","IsInherited":false},{"PrincipalSID":"S-1-5-21-4088429403-1159899800-2753317549-512","PrincipalType":"Group","RightName":"GenericAll","IsInherited":false},{"PrincipalSID":"S-1-5-21-4088429403-1159899800-2753317549-519","PrincipalType":"Group","RightName":"GenericAll","IsInherited":true},{"PrincipalSID":"CERBERUS.LOCAL-S-1-5-32-544","PrincipalType":"Group","RightName":"WriteDacl","IsInherited":true},{"PrincipalSID":"CERBERUS.LOCAL-S-1-5-32-544","PrincipalType":"Group","RightName":"WriteOwner","IsInherited":true}],"ObjectIdentifier":"E57B3922-6B59-4F98-B411-3E987C404DA6","IsDeleted":false,"IsACLProtected":false},{"Properties":{"domain":"CERBERUS.LOCAL","name":"USERS@CERBERUS.LOCAL","distinguishedname":"CN=USERS,DC=CERBERUS,DC=LOCAL","domainsid":"S-1-5-21-4088429403-1159899800-2753317549","highvalue":false},"ChildObjects":[{"ObjectIdentifier":"S-1-5-21-4088429403-1159899800-2753317549-500","ObjectType":"User"},{"ObjectIdentifier":"S-1-5-21-4088429403-1159899800-2753317549-571","ObjectType":"Group"},{"ObjectIdentifier":"S-1-5-21-4088429403-1159899800-2753317549-517","ObjectType":"Group"},{"ObjectIdentifier":"S-1-5-21-4088429403-1159899800-2753317549-522","ObjectType":"Group"},{"ObjectIdentifier":"S-1-5-21-4088429403-1159899800-2753317549-572","ObjectType":"Group"},{"ObjectIdentifier":"S-1-5-21-4088429403-1159899800-2753317549-1101","ObjectType":"Group"},{"ObjectIdentifier":"S-1-5-21-4088429403-1159899800-2753317549-1102","ObjectType":"Group"},{"ObjectIdentifier":"S-1-5-21-4088429403-1159899800-2753317549-512","ObjectType":"Group"},{"ObjectIdentifier":"S-1-5-21-4088429403-1159899800-2753317549-515","ObjectType":"Group"},{"ObjectIdentifier":"S-1-5-21-4088429403-1159899800-2753317549-516","ObjectType":"Group"},{"ObjectIdentifier":"S-1-5-21-4088429403-1159899800-2753317549-514","ObjectType":"Group"},{"ObjectIdentifier":"S-1-5-21-4088429403-1159899800-2753317549-513","ObjectType":"Group"},{"ObjectIdentifier":"S-1-5-21-4088429403-1159899800-2753317549-519","ObjectType":"Group"},{"ObjectIdentifier":"S-1-5-21-4088429403-1159899800-2753317549-527","ObjectType":"Group"},{"ObjectIdentifier":"S-1-5-21-4088429403-1159899800-2753317549-498","ObjectType":"Group"},{"ObjectIdentifier":"S-1-5-21-4088429403-1159899800-2753317549-520","ObjectType":"Group"},{"ObjectIdentifier":"S-1-5-21-4088429403-1159899800-2753317549-501","ObjectType":"User"},{"ObjectIdentifier":"S-1-5-21-4088429403-1159899800-2753317549-526","ObjectType":"Group"},{"ObjectIdentifier":"S-1-5-21-4088429403-1159899800-2753317549-502","ObjectType":"User"},{"ObjectIdentifier":"S-1-5-21-4088429403-1159899800-2753317549-1104","ObjectType":"User"},{"ObjectIdentifier":"S-1-5-21-4088429403-1159899800-2753317549-525","ObjectType":"Group"},{"ObjectIdentifier":"S-1-5-21-4088429403-1159899800-2753317549-553","ObjectType":"Group"},{"ObjectIdentifier":"S-1-5-21-4088429403-1159899800-2753317549-521","ObjectType":"Group"},{"ObjectIdentifier":"S-1-5-21-4088429403-1159899800-2753317549-518","ObjectType":"Group"}],"Aces":[{"PrincipalSID":"S-1-5-21-4088429403-1159899800-2753317549-512","PrincipalType":"Group","RightName":"Owns","IsInherited":false},{"PrincipalSID":"S-1-5-21-4088429403-1159899800-2753317549-512","PrincipalType":"Group","RightName":"WriteDacl","IsInherited":false},{"PrincipalSID":"S-1-5-21-4088429403-1159899800-2753317549-512","PrincipalType":"Group","RightName":"WriteOwner","IsInherited":false},{"PrincipalSID":"S-1-5-21-4088429403-1159899800-2753317549-519","PrincipalType":"Group","RightName":"GenericAll","IsInherited":true},{"PrincipalSID":"CERBERUS.LOCAL-S-1-5-32-544","PrincipalType":"Group","RightName":"WriteDacl","IsInherited":true},{"PrincipalSID":"CERBERUS.LOCAL-S-1-5-32-544","PrincipalType":"Group","RightName":"WriteOwner","IsInherited":true}],"ObjectIdentifier":"972DA046-1DB2-429C-B7FD-4ADA746581F0","IsDeleted":false,"IsACLProtected":false},{"Properties":{"domain":"CERBERUS.LOCAL","name":"SYSTEM@CERBERUS.LOCAL","distinguishedname":"CN=SYSTEM,DC=CERBERUS,DC=LOCAL","domainsid":"S-1-5-21-4088429403-1159899800-2753317549","highvalue":false},"ChildObjects":[],"Aces":[{"PrincipalSID":"S-1-5-21-4088429403-1159899800-2753317549-512","PrincipalType":"Group","RightName":"Owns","IsInherited":false},{"PrincipalSID":"S-1-5-21-4088429403-1159899800-2753317549-512","PrincipalType":"Group","RightName":"WriteDacl","IsInherited":false},{"PrincipalSID":"S-1-5-21-4088429403-1159899800-2753317549-512","PrincipalType":"Group","RightName":"WriteOwner","IsInherited":false},{"PrincipalSID":"S-1-5-21-4088429403-1159899800-2753317549-519","PrincipalType":"Group","RightName":"GenericAll","IsInherited":true},{"PrincipalSID":"CERBERUS.LOCAL-S-1-5-32-544","PrincipalType":"Group","RightName":"WriteDacl","IsInherited":true},{"PrincipalSID":"CERBERUS.LOCAL-S-1-5-32-544","PrincipalType":"Group","RightName":"WriteOwner","IsInherited":true}],"ObjectIdentifier":"08131A25-18D0-4015-9D6E-2485928170D5","IsDeleted":false,"IsACLProtected":false},{"Properties":{"domain":"CERBERUS.LOCAL","name":"PROGRAM DATA@CERBERUS.LOCAL","distinguishedname":"CN=PROGRAM DATA,DC=CERBERUS,DC=LOCAL","domainsid":"S-1-5-21-4088429403-1159899800-2753317549","highvalue":false},"ChildObjects":[],"Aces":[{"PrincipalSID":"S-1-5-21-4088429403-1159899800-2753317549-512","PrincipalType":"Group","RightName":"Owns","IsInherited":false},{"PrincipalSID":"S-1-5-21-4088429403-1159899800-2753317549-512","PrincipalType":"Group","RightName":"GenericAll","IsInherited":false},{"PrincipalSID":"S-1-5-21-4088429403-1159899800-2753317549-519","PrincipalType":"Group","RightName":"GenericAll","IsInherited":true},{"PrincipalSID":"CERBERUS.LOCAL-S-1-5-32-544","PrincipalType":"Group","RightName":"WriteDacl","IsInherited":true},{"PrincipalSID":"CERBERUS.LOCAL-S-1-5-32-544","PrincipalType":"Group","RightName":"WriteOwner","IsInherited":true}],"ObjectIdentifier":"3FD9B895-707A-474D-B641-814DC5C59058","IsDeleted":false,"IsACLProtected":false},{"Properties":{"domain":"CERBERUS.LOCAL","name":"COMPUTERS@CERBERUS.LOCAL","distinguishedname":"CN=COMPUTERS,DC=CERBERUS,DC=LOCAL","domainsid":"S-1-5-21-4088429403-1159899800-2753317549","highvalue":false},"ChildObjects":[{"ObjectIdentifier":"S-1-5-21-4088429403-1159899800-2753317549-9102","ObjectType":"Computer"}],"Aces":[{"PrincipalSID":"S-1-5-21-4088429403-1159899800-2753317549-512","PrincipalType":"Group","RightName":"Owns","IsInherited":false},{"PrincipalSID":"S-1-5-21-4088429403-1159899800-2753317549-512","PrincipalType":"Group","RightName":"WriteDacl","IsInherited":false},{"PrincipalSID":"S-1-5-21-4088429403-1159899800-2753317549-512","PrincipalType":"Group","RightName":"WriteOwner","IsInherited":false},{"PrincipalSID":"S-1-5-21-4088429403-1159899800-2753317549-519","PrincipalType":"Group","RightName":"GenericAll","IsInherited":true},{"PrincipalSID":"CERBERUS.LOCAL-S-1-5-32-544","PrincipalType":"Group","RightName":"WriteDacl","IsInherited":true},{"PrincipalSID":"CERBERUS.LOCAL-S-1-5-32-544","PrincipalType":"Group","RightName":"WriteOwner","IsInherited":true}],"ObjectIdentifier":"5932DF16-7C99-48C9-BE12-032CF0A97355","IsDeleted":false,"IsACLProtected":false},{"Properties":{"domain":"CERBERUS.LOCAL","name":"SOM@CERBERUS.LOCAL","distinguishedname":"CN=SOM,CN=WMIPOLICY,CN=SYSTEM,DC=CERBERUS,DC=LOCAL","domainsid":"S-1-5-21-4088429403-1159899800-2753317549","highvalue":false},"ChildObjects":[],"Aces":[{"PrincipalSID":"S-1-5-21-4088429403-1159899800-2753317549-512","PrincipalType":"Group","RightName":"Owns","IsInherited":false},{"PrincipalSID":"S-1-5-21-4088429403-1159899800-2753317549-512","PrincipalType":"Group","RightName":"GenericAll","IsInherited":false},{"PrincipalSID":"S-1-5-21-4088429403-1159899800-2753317549-519","PrincipalType":"Group","RightName":"GenericAll","IsInherited":false}],"ObjectIdentifier":"F3A0AA52-3320-4934-80CD-AE707291C6A9","IsDeleted":false,"IsACLProtected":true},{"Properties":{"domain":"CERBERUS.LOCAL","name":"MICROSOFT@CERBERUS.LOCAL","distinguishedname":"CN=MICROSOFT,CN=PROGRAM DATA,DC=CERBERUS,DC=LOCAL","domainsid":"S-1-5-21-4088429403-1159899800-2753317549","highvalue":false},"ChildObjects":[],"Aces":[{"PrincipalSID":"S-1-5-21-4088429403-1159899800-2753317549-512","PrincipalType":"Group","RightName":"Owns","IsInherited":false},{"PrincipalSID":"S-1-5-21-4088429403-1159899800-2753317549-512","PrincipalType":"Group","RightName":"GenericAll","IsInherited":false},{"PrincipalSID":"S-1-5-21-4088429403-1159899800-2753317549-519","PrincipalType":"Group","RightName":"GenericAll","IsInherited":true},{"PrincipalSID":"CERBERUS.LOCAL-S-1-5-32-544","PrincipalType":"Group","RightName":"WriteDacl","IsInherited":true},{"PrincipalSID":"CERBERUS.LOCAL-S-1-5-32-544","PrincipalType":"Group","RightName":"WriteOwner","IsInherited":true}],"ObjectIdentifier":"9E025394-5AA6-472B-A2A6-6108D7EF49D0","IsDeleted":false,"IsACLProtected":false},{"Properties":{"domain":"CERBERUS.LOCAL","name":"WINSOCKSERVICES@CERBERUS.LOCAL","distinguishedname":"CN=WINSOCKSERVICES,CN=SYSTEM,DC=CERBERUS,DC=LOCAL","domainsid":"S-1-5-21-4088429403-1159899800-2753317549","highvalue":false},"ChildObjects":[],"Aces":[{"PrincipalSID":"S-1-5-21-4088429403-1159899800-2753317549-512","PrincipalType":"Group","RightName":"Owns","IsInherited":false},{"PrincipalSID":"S-1-5-21-4088429403-1159899800-2753317549-512","PrincipalType":"Group","RightName":"WriteDacl","IsInherited":false},{"PrincipalSID":"S-1-5-21-4088429403-1159899800-2753317549-512","PrincipalType":"Group","RightName":"WriteOwner","IsInherited":false},{"PrincipalSID":"S-1-5-21-4088429403-1159899800-2753317549-519","PrincipalType":"Group","RightName":"GenericAll","IsInherited":true},{"PrincipalSID":"CERBERUS.LOCAL-S-1-5-32-544","PrincipalType":"Group","RightName":"WriteDacl","IsInherited":true},{"PrincipalSID":"CERBERUS.LOCAL-S-1-5-32-544","PrincipalType":"Group","RightName":"WriteOwner","IsInherited":true}],"ObjectIdentifier":"951C8A22-92D6-4558-AC37-F376DB441763","IsDeleted":false,"IsACLProtected":false},{"Properties":{"domain":"CERBERUS.LOCAL","name":"MANAGED SERVICE ACCOUNTS@CERBERUS.LOCAL","distinguishedname":"CN=MANAGED SERVICE ACCOUNTS,DC=CERBERUS,DC=LOCAL","domainsid":"S-1-5-21-4088429403-1159899800-2753317549","highvalue":false},"ChildObjects":[{"ObjectIdentifier":"S-1-5-21-4088429403-1159899800-2753317549-5602","ObjectType":"User"}],"Aces":[{"PrincipalSID":"S-1-5-21-4088429403-1159899800-2753317549-512","PrincipalType":"Group","RightName":"Owns","IsInherited":false},{"PrincipalSID":"S-1-5-21-4088429403-1159899800-2753317549-512","PrincipalType":"Group","RightName":"WriteDacl","IsInherited":false},{"PrincipalSID":"S-1-5-21-4088429403-1159899800-2753317549-512","PrincipalType":"Group","RightName":"WriteOwner","IsInherited":false},{"PrincipalSID":"S-1-5-21-4088429403-1159899800-2753317549-519","PrincipalType":"Group","RightName":"GenericAll","IsInherited":true},{"PrincipalSID":"CERBERUS.LOCAL-S-1-5-32-544","PrincipalType":"Group","RightName":"WriteDacl","IsInherited":true},{"PrincipalSID":"CERBERUS.LOCAL-S-1-5-32-544","PrincipalType":"Group","RightName":"WriteOwner","IsInherited":true}],"ObjectIdentifier":"EF35E314-5A75-45C6-BE2C-55DBF780AE51","IsDeleted":false,"IsACLProtected":false},{"Properties":{"domain":"CERBERUS.LOCAL","name":"MEETINGS@CERBERUS.LOCAL","distinguishedname":"CN=MEETINGS,CN=SYSTEM,DC=CERBERUS,DC=LOCAL","domainsid":"S-1-5-21-4088429403-1159899800-2753317549","highvalue":false},"ChildObjects":[],"Aces":[{"PrincipalSID":"S-1-5-21-4088429403-1159899800-2753317549-512","PrincipalType":"Group","RightName":"Owns","IsInherited":false},{"PrincipalSID":"S-1-5-21-4088429403-1159899800-2753317549-512","PrincipalType":"Group","RightName":"WriteDacl","IsInherited":false},{"PrincipalSID":"S-1-5-21-4088429403-1159899800-2753317549-512","PrincipalType":"Group","RightName":"WriteOwner","IsInherited":false},{"PrincipalSID":"S-1-5-21-4088429403-1159899800-2753317549-519","PrincipalType":"Group","RightName":"GenericAll","IsInherited":true},{"PrincipalSID":"CERBERUS.LOCAL-S-1-5-32-544","PrincipalType":"Group","RightName":"WriteDacl","IsInherited":true},{"PrincipalSID":"CERBERUS.LOCAL-S-1-5-32-544","PrincipalType":"Group","RightName":"WriteOwner","IsInherited":true}],"ObjectIdentifier":"52571F82-507E-4381-B93A-BA535F9E00F3","IsDeleted":false,"IsACLProtected":false},{"Properties":{"domain":"CERBERUS.LOCAL","name":"POLICIES@CERBERUS.LOCAL","distinguishedname":"CN=POLICIES,CN=SYSTEM,DC=CERBERUS,DC=LOCAL","domainsid":"S-1-5-21-4088429403-1159899800-2753317549","highvalue":false},"ChildObjects":[],"Aces":[{"PrincipalSID":"S-1-5-21-4088429403-1159899800-2753317549-512","PrincipalType":"Group","RightName":"Owns","IsInherited":false},{"PrincipalSID":"S-1-5-21-4088429403-1159899800-2753317549-512","PrincipalType":"Group","RightName":"WriteDacl","IsInherited":false},{"PrincipalSID":"S-1-5-21-4088429403-1159899800-2753317549-512","PrincipalType":"Group","RightName":"WriteOwner","IsInherited":false},{"PrincipalSID":"S-1-5-21-4088429403-1159899800-2753317549-519","PrincipalType":"Group","RightName":"GenericAll","IsInherited":true},{"PrincipalSID":"CERBERUS.LOCAL-S-1-5-32-544","PrincipalType":"Group","RightName":"WriteDacl","IsInherited":true},{"PrincipalSID":"CERBERUS.LOCAL-S-1-5-32-544","PrincipalType":"Group","RightName":"WriteOwner","IsInherited":true}],"ObjectIdentifier":"67610CE1-F0F8-4C2C-BB13-DD57324264EF","IsDeleted":false,"IsACLProtected":false},{"Properties":{"domain":"CERBERUS.LOCAL","name":"COMPARTITIONSETS@CERBERUS.LOCAL","distinguishedname":"CN=COMPARTITIONSETS,CN=SYSTEM,DC=CERBERUS,DC=LOCAL","domainsid":"S-1-5-21-4088429403-1159899800-2753317549","highvalue":false},"ChildObjects":[],"Aces":[{"PrincipalSID":"S-1-5-21-4088429403-1159899800-2753317549-512","PrincipalType":"Group","RightName":"Owns","IsInherited":false},{"PrincipalSID":"S-1-5-21-4088429403-1159899800-2753317549-512","PrincipalType":"Group","RightName":"WriteDacl","IsInherited":false},{"PrincipalSID":"S-1-5-21-4088429403-1159899800-2753317549-512","PrincipalType":"Group","RightName":"WriteOwner","IsInherited":false},{"PrincipalSID":"S-1-5-21-4088429403-1159899800-2753317549-519","PrincipalType":"Group","RightName":"GenericAll","IsInherited":true},{"PrincipalSID":"CERBERUS.LOCAL-S-1-5-32-544","PrincipalType":"Group","RightName":"WriteDacl","IsInherited":true},{"PrincipalSID":"CERBERUS.LOCAL-S-1-5-32-544","PrincipalType":"Group","RightName":"WriteOwner","IsInherited":true}],"ObjectIdentifier":"24976892-4E36-4BCC-BE0C-1E141B194C43","IsDeleted":false,"IsACLProtected":false},{"Properties":{"domain":"CERBERUS.LOCAL","name":"COMPARTITIONS@CERBERUS.LOCAL","distinguishedname":"CN=COMPARTITIONS,CN=SYSTEM,DC=CERBERUS,DC=LOCAL","domainsid":"S-1-5-21-4088429403-1159899800-2753317549","highvalue":false},"ChildObjects":[],"Aces":[{"PrincipalSID":"S-1-5-21-4088429403-1159899800-2753317549-512","PrincipalType":"Group","RightName":"Owns","IsInherited":false},{"PrincipalSID":"S-1-5-21-4088429403-1159899800-2753317549-512","PrincipalType":"Group","RightName":"WriteDacl","IsInherited":false},{"PrincipalSID":"S-1-5-21-4088429403-1159899800-2753317549-512","PrincipalType":"Group","RightName":"WriteOwner","IsInherited":false},{"PrincipalSID":"S-1-5-21-4088429403-1159899800-2753317549-519","PrincipalType":"Group","RightName":"GenericAll","IsInherited":true},{"PrincipalSID":"CERBERUS.LOCAL-S-1-5-32-544","PrincipalType":"Group","RightName":"WriteDacl","IsInherited":true},{"PrincipalSID":"CERBERUS.LOCAL-S-1-5-32-544","PrincipalType":"Group","RightName":"WriteOwner","IsInherited":true}],"ObjectIdentifier":"F0C817A7-A56A-4F1C-893E-64391802D6B7","IsDeleted":false,"IsACLProtected":false},{"Properties":{"domain":"CERBERUS.LOCAL","name":"RAS AND IAS SERVERS ACCESS CHECK@CERBERUS.LOCAL","distinguishedname":"CN=RAS AND IAS SERVERS ACCESS CHECK,CN=SYSTEM,DC=CERBERUS,DC=LOCAL","domainsid":"S-1-5-21-4088429403-1159899800-2753317549","highvalue":false},"ChildObjects":[],"Aces":[{"PrincipalSID":"S-1-5-21-4088429403-1159899800-2753317549-512","PrincipalType":"Group","RightName":"Owns","IsInherited":false},{"PrincipalSID":"S-1-5-21-4088429403-1159899800-2753317549-553","PrincipalType":"Group","RightName":"WriteDacl","IsInherited":false},{"PrincipalSID":"S-1-5-21-4088429403-1159899800-2753317549-553","PrincipalType":"Group","RightName":"WriteOwner","IsInherited":false},{"PrincipalSID":"S-1-5-21-4088429403-1159899800-2753317549-519","PrincipalType":"Group","RightName":"GenericAll","IsInherited":true},{"PrincipalSID":"CERBERUS.LOCAL-S-1-5-32-544","PrincipalType":"Group","RightName":"WriteDacl","IsInherited":true},{"PrincipalSID":"CERBERUS.LOCAL-S-1-5-32-544","PrincipalType":"Group","RightName":"WriteOwner","IsInherited":true}],"ObjectIdentifier":"9318875F-C332-4E1C-8B57-546E2606D5E2","IsDeleted":false,"IsACLProtected":false}],"meta":{"methods":29675,"type":"containers","count":22,"version":5}}