﻿{"data":[{"GPOChanges":{"LocalAdmins":[],"RemoteDesktopUsers":[],"DcomUsers":[],"PSRemoteUsers":[],"AffectedComputers":[]},"Properties":{"domain":"CERBERUS.LOCAL","name":"DOMAIN CONTROLLERS@CERBERUS.LOCAL","distinguishedname":"OU=DOMAIN CONTROLLERS,DC=CERBERUS,DC=LOCAL","domainsid":"S-1-5-21-4088429403-1159899800-2753317549","highvalue":false,"description":"Default container for domain controllers","whencreated":1674376365,"blocksinheritance":false},"Links":[{"IsEnforced":false,"GUID":"7A6DDA11-100B-4D66-A67C-142B9787B76D"}],"ChildObjects":[{"ObjectIdentifier":"S-1-5-21-4088429403-1159899800-2753317549-1000","ObjectType":"Computer"}],"Aces":[{"PrincipalSID":"S-1-5-21-4088429403-1159899800-2753317549-512","PrincipalType":"Group","RightName":"Owns","IsInherited":false},{"PrincipalSID":"S-1-5-21-4088429403-1159899800-2753317549-512","PrincipalType":"Group","RightName":"WriteDacl","IsInherited":false},{"PrincipalSID":"S-1-5-21-4088429403-1159899800-2753317549-512","PrincipalType":"Group","RightName":"WriteOwner","IsInherited":false},{"PrincipalSID":"S-1-5-21-4088429403-1159899800-2753317549-519","PrincipalType":"Group","RightName":"GenericAll","IsInherited":true},{"PrincipalSID":"CERBERUS.LOCAL-S-1-5-32-544","PrincipalType":"Group","RightName":"WriteDacl","IsInherited":true},{"PrincipalSID":"CERBERUS.LOCAL-S-1-5-32-544","PrincipalType":"Group","RightName":"WriteOwner","IsInherited":true}],"ObjectIdentifier":"198EBF27-A66A-4767-AB8C-306179DFE384","IsDeleted":false,"IsACLProtected":false}],"meta":{"methods":29675,"type":"ous","count":1,"version":5}}