﻿{"data":[{"Properties":{"domain":"SERVICES.LOCAL","name":"POLICYTEMPLATE@SERVICES.LOCAL","distinguishedname":"CN=POLICYTEMPLATE,CN=WMIPOLICY,CN=SYSTEM,DC=SERVICES,DC=LOCAL","domainsid":"S-1-5-21-1966530601-3185510712-10604624","highvalue":false},"ChildObjects":[],"Aces":[{"PrincipalSID":"S-1-5-21-1966530601-3185510712-10604624-512","PrincipalType":"Group","RightName":"Owns","IsInherited":false},{"PrincipalSID":"S-1-5-21-1966530601-3185510712-10604624-512","PrincipalType":"Group","RightName":"WriteDacl","IsInherited":false},{"PrincipalSID":"S-1-5-21-1966530601-3185510712-10604624-512","PrincipalType":"Group","RightName":"WriteOwner","IsInherited":false},{"PrincipalSID":"S-1-5-21-1966530601-3185510712-10604624-519","PrincipalType":"Group","RightName":"GenericAll","IsInherited":true},{"PrincipalSID":"S-1-5-21-1966530601-3185510712-10604624-512","PrincipalType":"Group","RightName":"GenericAll","IsInherited":true}],"ObjectIdentifier":"44FAA5F3-C4EB-4FBE-8220-DDFFA453BC4A","IsDeleted":false,"IsACLProtected":false},{"Properties":{"domain":"SERVICES.LOCAL","name":"POLICYTYPE@SERVICES.LOCAL","distinguishedname":"CN=POLICYTYPE,CN=WMIPOLICY,CN=SYSTEM,DC=SERVICES,DC=LOCAL","domainsid":"S-1-5-21-1966530601-3185510712-10604624","highvalue":false},"ChildObjects":[],"Aces":[{"PrincipalSID":"S-1-5-21-1966530601-3185510712-10604624-512","PrincipalType":"Group","RightName":"Owns","IsInherited":false},{"PrincipalSID":"S-1-5-21-1966530601-3185510712-10604624-512","PrincipalType":"Group","RightName":"WriteDacl","IsInherited":false},{"PrincipalSID":"S-1-5-21-1966530601-3185510712-10604624-512","PrincipalType":"Group","RightName":"WriteOwner","IsInherited":false},{"PrincipalSID":"S-1-5-21-1966530601-3185510712-10604624-519","PrincipalType":"Group","RightName":"GenericAll","IsInherited":true},{"PrincipalSID":"S-1-5-21-1966530601-3185510712-10604624-512","PrincipalType":"Group","RightName":"GenericAll","IsInherited":true}],"ObjectIdentifier":"AABD7394-2931-4830-AEB3-6F782B6453E6","IsDeleted":false,"IsACLProtected":false},{"Properties":{"domain":"SERVICES.LOCAL","name":"SOM@SERVICES.LOCAL","distinguishedname":"CN=SOM,CN=WMIPOLICY,CN=SYSTEM,DC=SERVICES,DC=LOCAL","domainsid":"S-1-5-21-1966530601-3185510712-10604624","highvalue":false},"ChildObjects":[],"Aces":[{"PrincipalSID":"S-1-5-21-1966530601-3185510712-10604624-512","PrincipalType":"Group","RightName":"Owns","IsInherited":false},{"PrincipalSID":"S-1-5-21-1966530601-3185510712-10604624-512","PrincipalType":"Group","RightName":"GenericAll","IsInherited":false},{"PrincipalSID":"S-1-5-21-1966530601-3185510712-10604624-519","PrincipalType":"Group","RightName":"GenericAll","IsInherited":false}],"ObjectIdentifier":"5C972848-C2F3-4E50-B368-0C7BD0AB6D98","IsDeleted":false,"IsACLProtected":true},{"Properties":{"domain":"SERVICES.LOCAL","name":"ADMINSDHOLDER@SERVICES.LOCAL","distinguishedname":"CN=ADMINSDHOLDER,CN=SYSTEM,DC=SERVICES,DC=LOCAL","domainsid":"S-1-5-21-1966530601-3185510712-10604624","highvalue":false},"ChildObjects":[],"Aces":[{"PrincipalSID":"S-1-5-21-1966530601-3185510712-10604624-512","PrincipalType":"Group","RightName":"Owns","IsInherited":false},{"PrincipalSID":"SERVICES.LOCAL-S-1-5-32-544","PrincipalType":"Group","RightName":"WriteDacl","IsInherited":false},{"PrincipalSID":"SERVICES.LOCAL-S-1-5-32-544","PrincipalType":"Group","RightName":"WriteOwner","IsInherited":false},{"PrincipalSID":"S-1-5-21-1966530601-3185510712-10604624-512","PrincipalType":"Group","RightName":"WriteDacl","IsInherited":false},{"PrincipalSID":"S-1-5-21-1966530601-3185510712-10604624-512","PrincipalType":"Group","RightName":"WriteOwner","IsInherited":false},{"PrincipalSID":"S-1-5-21-1966530601-3185510712-10604624-519","PrincipalType":"Group","RightName":"WriteDacl","IsInherited":false},{"PrincipalSID":"S-1-5-21-1966530601-3185510712-10604624-519","PrincipalType":"Group","RightName":"WriteOwner","IsInherited":false}],"ObjectIdentifier":"3AB468EE-F96E-4940-BEBD-1691E60384FC","IsDeleted":false,"IsACLProtected":true},{"Properties":{"domain":"SERVICES.LOCAL","name":"COMPARTITIONS@SERVICES.LOCAL","distinguishedname":"CN=COMPARTITIONS,CN=SYSTEM,DC=SERVICES,DC=LOCAL","domainsid":"S-1-5-21-1966530601-3185510712-10604624","highvalue":false},"ChildObjects":[],"Aces":[{"PrincipalSID":"S-1-5-21-1966530601-3185510712-10604624-512","PrincipalType":"Group","RightName":"Owns","IsInherited":false},{"PrincipalSID":"S-1-5-21-1966530601-3185510712-10604624-512","PrincipalType":"Group","RightName":"WriteDacl","IsInherited":false},{"PrincipalSID":"S-1-5-21-1966530601-3185510712-10604624-512","PrincipalType":"Group","RightName":"WriteOwner","IsInherited":false},{"PrincipalSID":"S-1-5-21-1966530601-3185510712-10604624-519","PrincipalType":"Group","RightName":"GenericAll","IsInherited":true},{"PrincipalSID":"SERVICES.LOCAL-S-1-5-32-544","PrincipalType":"Group","RightName":"WriteDacl","IsInherited":true},{"PrincipalSID":"SERVICES.LOCAL-S-1-5-32-544","PrincipalType":"Group","RightName":"WriteOwner","IsInherited":true}],"ObjectIdentifier":"6D9D34FE-757B-442E-ABB7-87416113C7D7","IsDeleted":false,"IsACLProtected":false},{"Properties":{"domain":"SERVICES.LOCAL","name":"FOREIGNSECURITYPRINCIPALS@SERVICES.LOCAL","distinguishedname":"CN=FOREIGNSECURITYPRINCIPALS,DC=SERVICES,DC=LOCAL","domainsid":"S-1-5-21-1966530601-3185510712-10604624","highvalue":false},"ChildObjects":[],"Aces":[{"PrincipalSID":"S-1-5-21-1966530601-3185510712-10604624-512","PrincipalType":"Group","RightName":"Owns","IsInherited":false},{"PrincipalSID":"S-1-5-21-1966530601-3185510712-10604624-512","PrincipalType":"Group","RightName":"GenericAll","IsInherited":false},{"PrincipalSID":"S-1-5-21-1966530601-3185510712-10604624-519","PrincipalType":"Group","RightName":"GenericAll","IsInherited":true},{"PrincipalSID":"SERVICES.LOCAL-S-1-5-32-544","PrincipalType":"Group","RightName":"WriteDacl","IsInherited":true},{"PrincipalSID":"SERVICES.LOCAL-S-1-5-32-544","PrincipalType":"Group","RightName":"WriteOwner","IsInherited":true}],"ObjectIdentifier":"4DA992CA-195E-45F4-A8A7-8CE80D505001","IsDeleted":false,"IsACLProtected":false},{"Properties":{"domain":"SERVICES.LOCAL","name":"PROGRAM DATA@SERVICES.LOCAL","distinguishedname":"CN=PROGRAM DATA,DC=SERVICES,DC=LOCAL","domainsid":"S-1-5-21-1966530601-3185510712-10604624","highvalue":false},"ChildObjects":[],"Aces":[{"PrincipalSID":"S-1-5-21-1966530601-3185510712-10604624-512","PrincipalType":"Group","RightName":"Owns","IsInherited":false},{"PrincipalSID":"S-1-5-21-1966530601-3185510712-10604624-512","PrincipalType":"Group","RightName":"GenericAll","IsInherited":false},{"PrincipalSID":"S-1-5-21-1966530601-3185510712-10604624-519","PrincipalType":"Group","RightName":"GenericAll","IsInherited":true},{"PrincipalSID":"SERVICES.LOCAL-S-1-5-32-544","PrincipalType":"Group","RightName":"WriteDacl","IsInherited":true},{"PrincipalSID":"SERVICES.LOCAL-S-1-5-32-544","PrincipalType":"Group","RightName":"WriteOwner","IsInherited":true}],"ObjectIdentifier":"9CC34584-70C1-4557-80BC-8EA2A5B51BA3","IsDeleted":false,"IsACLProtected":false},{"Properties":{"domain":"SERVICES.LOCAL","name":"COMPARTITIONSETS@SERVICES.LOCAL","distinguishedname":"CN=COMPARTITIONSETS,CN=SYSTEM,DC=SERVICES,DC=LOCAL","domainsid":"S-1-5-21-1966530601-3185510712-10604624","highvalue":false},"ChildObjects":[],"Aces":[{"PrincipalSID":"S-1-5-21-1966530601-3185510712-10604624-512","PrincipalType":"Group","RightName":"Owns","IsInherited":false},{"PrincipalSID":"S-1-5-21-1966530601-3185510712-10604624-512","PrincipalType":"Group","RightName":"WriteDacl","IsInherited":false},{"PrincipalSID":"S-1-5-21-1966530601-3185510712-10604624-512","PrincipalType":"Group","RightName":"WriteOwner","IsInherited":false},{"PrincipalSID":"S-1-5-21-1966530601-3185510712-10604624-519","PrincipalType":"Group","RightName":"GenericAll","IsInherited":true},{"PrincipalSID":"SERVICES.LOCAL-S-1-5-32-544","PrincipalType":"Group","RightName":"WriteDacl","IsInherited":true},{"PrincipalSID":"SERVICES.LOCAL-S-1-5-32-544","PrincipalType":"Group","RightName":"WriteOwner","IsInherited":true}],"ObjectIdentifier":"7546C03D-5CC4-42EA-9FE1-76B49A953F18","IsDeleted":false,"IsACLProtected":false},{"Properties":{"domain":"SERVICES.LOCAL","name":"PSPS@SERVICES.LOCAL","distinguishedname":"CN=PSPS,CN=SYSTEM,DC=SERVICES,DC=LOCAL","domainsid":"S-1-5-21-1966530601-3185510712-10604624","highvalue":false},"ChildObjects":[],"Aces":[{"PrincipalSID":"S-1-5-21-1966530601-3185510712-10604624-512","PrincipalType":"Group","RightName":"Owns","IsInherited":false},{"PrincipalSID":"S-1-5-21-1966530601-3185510712-10604624-512","PrincipalType":"Group","RightName":"GenericAll","IsInherited":false},{"PrincipalSID":"S-1-5-21-1966530601-3185510712-10604624-519","PrincipalType":"Group","RightName":"GenericAll","IsInherited":true},{"PrincipalSID":"SERVICES.LOCAL-S-1-5-32-544","PrincipalType":"Group","RightName":"WriteDacl","IsInherited":true},{"PrincipalSID":"SERVICES.LOCAL-S-1-5-32-544","PrincipalType":"Group","RightName":"WriteOwner","IsInherited":true}],"ObjectIdentifier":"D11B4A5C-1BAD-4660-A65A-4594A64761CC","IsDeleted":false,"IsACLProtected":false},{"Properties":{"domain":"SERVICES.LOCAL","name":"WINSOCKSERVICES@SERVICES.LOCAL","distinguishedname":"CN=WINSOCKSERVICES,CN=SYSTEM,DC=SERVICES,DC=LOCAL","domainsid":"S-1-5-21-1966530601-3185510712-10604624","highvalue":false},"ChildObjects":[],"Aces":[{"PrincipalSID":"S-1-5-21-1966530601-3185510712-10604624-512","PrincipalType":"Group","RightName":"Owns","IsInherited":false},{"PrincipalSID":"S-1-5-21-1966530601-3185510712-10604624-512","PrincipalType":"Group","RightName":"WriteDacl","IsInherited":false},{"PrincipalSID":"S-1-5-21-1966530601-3185510712-10604624-512","PrincipalType":"Group","RightName":"WriteOwner","IsInherited":false},{"PrincipalSID":"S-1-5-21-1966530601-3185510712-10604624-519","PrincipalType":"Group","RightName":"GenericAll","IsInherited":true},{"PrincipalSID":"SERVICES.LOCAL-S-1-5-32-544","PrincipalType":"Group","RightName":"WriteDacl","IsInherited":true},{"PrincipalSID":"SERVICES.LOCAL-S-1-5-32-544","PrincipalType":"Group","RightName":"WriteOwner","IsInherited":true}],"ObjectIdentifier":"7C0CAB30-FD30-4334-A1DA-6D8FBE14C09F","IsDeleted":false,"IsACLProtected":false},{"Properties":{"domain":"SERVICES.LOCAL","name":"SYSTEM@SERVICES.LOCAL","distinguishedname":"CN=SYSTEM,DC=SERVICES,DC=LOCAL","domainsid":"S-1-5-21-1966530601-3185510712-10604624","highvalue":false},"ChildObjects":[],"Aces":[{"PrincipalSID":"S-1-5-21-1966530601-3185510712-10604624-512","PrincipalType":"Group","RightName":"Owns","IsInherited":false},{"PrincipalSID":"S-1-5-21-1966530601-3185510712-10604624-512","PrincipalType":"Group","RightName":"WriteDacl","IsInherited":false},{"PrincipalSID":"S-1-5-21-1966530601-3185510712-10604624-512","PrincipalType":"Group","RightName":"WriteOwner","IsInherited":false},{"PrincipalSID":"S-1-5-21-1966530601-3185510712-10604624-519","PrincipalType":"Group","RightName":"GenericAll","IsInherited":true},{"PrincipalSID":"SERVICES.LOCAL-S-1-5-32-544","PrincipalType":"Group","RightName":"WriteDacl","IsInherited":true},{"PrincipalSID":"SERVICES.LOCAL-S-1-5-32-544","PrincipalType":"Group","RightName":"WriteOwner","IsInherited":true}],"ObjectIdentifier":"312C2832-2ADE-469D-B7E9-9D444209E43C","IsDeleted":false,"IsACLProtected":false},{"Properties":{"domain":"SERVICES.LOCAL","name":"MEETINGS@SERVICES.LOCAL","distinguishedname":"CN=MEETINGS,CN=SYSTEM,DC=SERVICES,DC=LOCAL","domainsid":"S-1-5-21-1966530601-3185510712-10604624","highvalue":false},"ChildObjects":[],"Aces":[{"PrincipalSID":"S-1-5-21-1966530601-3185510712-10604624-512","PrincipalType":"Group","RightName":"Owns","IsInherited":false},{"PrincipalSID":"S-1-5-21-1966530601-3185510712-10604624-512","PrincipalType":"Group","RightName":"WriteDacl","IsInherited":false},{"PrincipalSID":"S-1-5-21-1966530601-3185510712-10604624-512","PrincipalType":"Group","RightName":"WriteOwner","IsInherited":false},{"PrincipalSID":"S-1-5-21-1966530601-3185510712-10604624-519","PrincipalType":"Group","RightName":"GenericAll","IsInherited":true},{"PrincipalSID":"SERVICES.LOCAL-S-1-5-32-544","PrincipalType":"Group","RightName":"WriteDacl","IsInherited":true},{"PrincipalSID":"SERVICES.LOCAL-S-1-5-32-544","PrincipalType":"Group","RightName":"WriteOwner","IsInherited":true}],"ObjectIdentifier":"60C88E08-DB7B-4643-9DF7-0E3123EC2FED","IsDeleted":false,"IsACLProtected":false},{"Properties":{"domain":"SERVICES.LOCAL","name":"MICROSOFT@SERVICES.LOCAL","distinguishedname":"CN=MICROSOFT,CN=PROGRAM DATA,DC=SERVICES,DC=LOCAL","domainsid":"S-1-5-21-1966530601-3185510712-10604624","highvalue":false},"ChildObjects":[],"Aces":[{"PrincipalSID":"S-1-5-21-1966530601-3185510712-10604624-512","PrincipalType":"Group","RightName":"Owns","IsInherited":false},{"PrincipalSID":"S-1-5-21-1966530601-3185510712-10604624-512","PrincipalType":"Group","RightName":"GenericAll","IsInherited":false},{"PrincipalSID":"S-1-5-21-1966530601-3185510712-10604624-519","PrincipalType":"Group","RightName":"GenericAll","IsInherited":true},{"PrincipalSID":"SERVICES.LOCAL-S-1-5-32-544","PrincipalType":"Group","RightName":"WriteDacl","IsInherited":true},{"PrincipalSID":"SERVICES.LOCAL-S-1-5-32-544","PrincipalType":"Group","RightName":"WriteOwner","IsInherited":true}],"ObjectIdentifier":"D8EE39D9-F7D7-40E6-9850-73C56ED261A5","IsDeleted":false,"IsACLProtected":false},{"Properties":{"domain":"SERVICES.LOCAL","name":"RPCSERVICES@SERVICES.LOCAL","distinguishedname":"CN=RPCSERVICES,CN=SYSTEM,DC=SERVICES,DC=LOCAL","domainsid":"S-1-5-21-1966530601-3185510712-10604624","highvalue":false},"ChildObjects":[],"Aces":[{"PrincipalSID":"S-1-5-21-1966530601-3185510712-10604624-512","PrincipalType":"Group","RightName":"Owns","IsInherited":false},{"PrincipalSID":"S-1-5-21-1966530601-3185510712-10604624-512","PrincipalType":"Group","RightName":"WriteDacl","IsInherited":false},{"PrincipalSID":"S-1-5-21-1966530601-3185510712-10604624-512","PrincipalType":"Group","RightName":"WriteOwner","IsInherited":false},{"PrincipalSID":"S-1-5-21-1966530601-3185510712-10604624-519","PrincipalType":"Group","RightName":"GenericAll","IsInherited":true},{"PrincipalSID":"SERVICES.LOCAL-S-1-5-32-544","PrincipalType":"Group","RightName":"WriteDacl","IsInherited":true},{"PrincipalSID":"SERVICES.LOCAL-S-1-5-32-544","PrincipalType":"Group","RightName":"WriteOwner","IsInherited":true}],"ObjectIdentifier":"9802C376-0DA8-4529-914B-3618FD289265","IsDeleted":false,"IsACLProtected":false},{"Properties":{"domain":"SERVICES.LOCAL","name":"WMIGPO@SERVICES.LOCAL","distinguishedname":"CN=WMIGPO,CN=WMIPOLICY,CN=SYSTEM,DC=SERVICES,DC=LOCAL","domainsid":"S-1-5-21-1966530601-3185510712-10604624","highvalue":false},"ChildObjects":[],"Aces":[{"PrincipalSID":"S-1-5-21-1966530601-3185510712-10604624-512","PrincipalType":"Group","RightName":"Owns","IsInherited":false},{"PrincipalSID":"S-1-5-21-1966530601-3185510712-10604624-512","PrincipalType":"Group","RightName":"WriteDacl","IsInherited":false},{"PrincipalSID":"S-1-5-21-1966530601-3185510712-10604624-512","PrincipalType":"Group","RightName":"WriteOwner","IsInherited":false},{"PrincipalSID":"S-1-5-21-1966530601-3185510712-10604624-519","PrincipalType":"Group","RightName":"GenericAll","IsInherited":true},{"PrincipalSID":"S-1-5-21-1966530601-3185510712-10604624-512","PrincipalType":"Group","RightName":"GenericAll","IsInherited":true}],"ObjectIdentifier":"240A0B01-36BC-4EC1-8FE6-C45438B91DBE","IsDeleted":false,"IsACLProtected":false},{"Properties":{"domain":"SERVICES.LOCAL","name":"USERS@SERVICES.LOCAL","distinguishedname":"CN=USERS,DC=SERVICES,DC=LOCAL","domainsid":"S-1-5-21-1966530601-3185510712-10604624","highvalue":false},"ChildObjects":[{"ObjectIdentifier":"S-1-5-21-1966530601-3185510712-10604624-500","ObjectType":"User"},{"ObjectIdentifier":"S-1-5-21-1966530601-3185510712-10604624-571","ObjectType":"Group"},{"ObjectIdentifier":"S-1-5-21-1966530601-3185510712-10604624-517","ObjectType":"Group"},{"ObjectIdentifier":"S-1-5-21-1966530601-3185510712-10604624-522","ObjectType":"Group"},{"ObjectIdentifier":"S-1-5-21-1966530601-3185510712-10604624-572","ObjectType":"Group"},{"ObjectIdentifier":"S-1-5-21-1966530601-3185510712-10604624-1109","ObjectType":"Group"},{"ObjectIdentifier":"S-1-5-21-1966530601-3185510712-10604624-1110","ObjectType":"Group"},{"ObjectIdentifier":"S-1-5-21-1966530601-3185510712-10604624-512","ObjectType":"Group"},{"ObjectIdentifier":"S-1-5-21-1966530601-3185510712-10604624-515","ObjectType":"Group"},{"ObjectIdentifier":"S-1-5-21-1966530601-3185510712-10604624-516","ObjectType":"Group"},{"ObjectIdentifier":"S-1-5-21-1966530601-3185510712-10604624-514","ObjectType":"Group"},{"ObjectIdentifier":"S-1-5-21-1966530601-3185510712-10604624-513","ObjectType":"Group"},{"ObjectIdentifier":"S-1-5-21-1966530601-3185510712-10604624-519","ObjectType":"Group"},{"ObjectIdentifier":"S-1-5-21-1966530601-3185510712-10604624-527","ObjectType":"Group"},{"ObjectIdentifier":"S-1-5-21-1966530601-3185510712-10604624-498","ObjectType":"Group"},{"ObjectIdentifier":"S-1-5-21-1966530601-3185510712-10604624-520","ObjectType":"Group"},{"ObjectIdentifier":"S-1-5-21-1966530601-3185510712-10604624-501","ObjectType":"User"},{"ObjectIdentifier":"S-1-5-21-1966530601-3185510712-10604624-1111","ObjectType":"User"},{"ObjectIdentifier":"S-1-5-21-1966530601-3185510712-10604624-1112","ObjectType":"User"},{"ObjectIdentifier":"S-1-5-21-1966530601-3185510712-10604624-1114","ObjectType":"User"},{"ObjectIdentifier":"S-1-5-21-1966530601-3185510712-10604624-526","ObjectType":"Group"},{"ObjectIdentifier":"S-1-5-21-1966530601-3185510712-10604624-502","ObjectType":"User"},{"ObjectIdentifier":"S-1-5-21-1966530601-3185510712-10604624-525","ObjectType":"Group"},{"ObjectIdentifier":"S-1-5-21-1966530601-3185510712-10604624-553","ObjectType":"Group"},{"ObjectIdentifier":"S-1-5-21-1966530601-3185510712-10604624-521","ObjectType":"Group"},{"ObjectIdentifier":"S-1-5-21-1966530601-3185510712-10604624-518","ObjectType":"Group"},{"ObjectIdentifier":"S-1-5-21-1966530601-3185510712-10604624-1113","ObjectType":"User"}],"Aces":[{"PrincipalSID":"S-1-5-21-1966530601-3185510712-10604624-512","PrincipalType":"Group","RightName":"Owns","IsInherited":false},{"PrincipalSID":"S-1-5-21-1966530601-3185510712-10604624-512","PrincipalType":"Group","RightName":"WriteDacl","IsInherited":false},{"PrincipalSID":"S-1-5-21-1966530601-3185510712-10604624-512","PrincipalType":"Group","RightName":"WriteOwner","IsInherited":false},{"PrincipalSID":"S-1-5-21-1966530601-3185510712-10604624-519","PrincipalType":"Group","RightName":"GenericAll","IsInherited":true},{"PrincipalSID":"SERVICES.LOCAL-S-1-5-32-544","PrincipalType":"Group","RightName":"WriteDacl","IsInherited":true},{"PrincipalSID":"SERVICES.LOCAL-S-1-5-32-544","PrincipalType":"Group","RightName":"WriteOwner","IsInherited":true}],"ObjectIdentifier":"59D2886A-0392-4F87-AAA3-6D6ADC1C7E18","IsDeleted":false,"IsACLProtected":false},{"Properties":{"domain":"SERVICES.LOCAL","name":"WMIPOLICY@SERVICES.LOCAL","distinguishedname":"CN=WMIPOLICY,CN=SYSTEM,DC=SERVICES,DC=LOCAL","domainsid":"S-1-5-21-1966530601-3185510712-10604624","highvalue":false},"ChildObjects":[],"Aces":[{"PrincipalSID":"S-1-5-21-1966530601-3185510712-10604624-512","PrincipalType":"Group","RightName":"Owns","IsInherited":false},{"PrincipalSID":"S-1-5-21-1966530601-3185510712-10604624-512","PrincipalType":"Group","RightName":"GenericAll","IsInherited":false},{"PrincipalSID":"S-1-5-21-1966530601-3185510712-10604624-519","PrincipalType":"Group","RightName":"GenericAll","IsInherited":false}],"ObjectIdentifier":"735BD973-4214-4D2F-80E4-D4B98A3D7ABF","IsDeleted":false,"IsACLProtected":true},{"Properties":{"domain":"SERVICES.LOCAL","name":"MANAGED SERVICE ACCOUNTS@SERVICES.LOCAL","distinguishedname":"CN=MANAGED SERVICE ACCOUNTS,DC=SERVICES,DC=LOCAL","domainsid":"S-1-5-21-1966530601-3185510712-10604624","highvalue":false},"ChildObjects":[],"Aces":[{"PrincipalSID":"S-1-5-21-1966530601-3185510712-10604624-512","PrincipalType":"Group","RightName":"Owns","IsInherited":false},{"PrincipalSID":"S-1-5-21-1966530601-3185510712-10604624-512","PrincipalType":"Group","RightName":"WriteDacl","IsInherited":false},{"PrincipalSID":"S-1-5-21-1966530601-3185510712-10604624-512","PrincipalType":"Group","RightName":"WriteOwner","IsInherited":false},{"PrincipalSID":"S-1-5-21-1966530601-3185510712-10604624-519","PrincipalType":"Group","RightName":"GenericAll","IsInherited":true},{"PrincipalSID":"SERVICES.LOCAL-S-1-5-32-544","PrincipalType":"Group","RightName":"WriteDacl","IsInherited":true},{"PrincipalSID":"SERVICES.LOCAL-S-1-5-32-544","PrincipalType":"Group","RightName":"WriteOwner","IsInherited":true}],"ObjectIdentifier":"710C04B3-0EA4-4290-BE33-3056B0BCA7EA","IsDeleted":false,"IsACLProtected":false},{"Properties":{"domain":"SERVICES.LOCAL","name":"RAS AND IAS SERVERS ACCESS CHECK@SERVICES.LOCAL","distinguishedname":"CN=RAS AND IAS SERVERS ACCESS CHECK,CN=SYSTEM,DC=SERVICES,DC=LOCAL","domainsid":"S-1-5-21-1966530601-3185510712-10604624","highvalue":false},"ChildObjects":[],"Aces":[{"PrincipalSID":"S-1-5-21-1966530601-3185510712-10604624-512","PrincipalType":"Group","RightName":"Owns","IsInherited":false},{"PrincipalSID":"S-1-5-21-1966530601-3185510712-10604624-553","PrincipalType":"Group","RightName":"WriteDacl","IsInherited":false},{"PrincipalSID":"S-1-5-21-1966530601-3185510712-10604624-553","PrincipalType":"Group","RightName":"WriteOwner","IsInherited":false},{"PrincipalSID":"S-1-5-21-1966530601-3185510712-10604624-519","PrincipalType":"Group","RightName":"GenericAll","IsInherited":true},{"PrincipalSID":"SERVICES.LOCAL-S-1-5-32-544","PrincipalType":"Group","RightName":"WriteDacl","IsInherited":true},{"PrincipalSID":"SERVICES.LOCAL-S-1-5-32-544","PrincipalType":"Group","RightName":"WriteOwner","IsInherited":true}],"ObjectIdentifier":"6E507557-8A91-4D02-B532-9B88032A2C0C","IsDeleted":false,"IsACLProtected":false},{"Properties":{"domain":"SERVICES.LOCAL","name":"POLICIES@SERVICES.LOCAL","distinguishedname":"CN=POLICIES,CN=SYSTEM,DC=SERVICES,DC=LOCAL","domainsid":"S-1-5-21-1966530601-3185510712-10604624","highvalue":false},"ChildObjects":[],"Aces":[{"PrincipalSID":"S-1-5-21-1966530601-3185510712-10604624-512","PrincipalType":"Group","RightName":"Owns","IsInherited":false},{"PrincipalSID":"S-1-5-21-1966530601-3185510712-10604624-512","PrincipalType":"Group","RightName":"WriteDacl","IsInherited":false},{"PrincipalSID":"S-1-5-21-1966530601-3185510712-10604624-512","PrincipalType":"Group","RightName":"WriteOwner","IsInherited":false},{"PrincipalSID":"S-1-5-21-1966530601-3185510712-10604624-519","PrincipalType":"Group","RightName":"GenericAll","IsInherited":true},{"PrincipalSID":"SERVICES.LOCAL-S-1-5-32-544","PrincipalType":"Group","RightName":"WriteDacl","IsInherited":true},{"PrincipalSID":"SERVICES.LOCAL-S-1-5-32-544","PrincipalType":"Group","RightName":"WriteOwner","IsInherited":true}],"ObjectIdentifier":"86F7DECD-EA6D-4014-A03B-D1241F55D7D3","IsDeleted":false,"IsACLProtected":false},{"Properties":{"domain":"SERVICES.LOCAL","name":"COMPUTERS@SERVICES.LOCAL","distinguishedname":"CN=COMPUTERS,DC=SERVICES,DC=LOCAL","domainsid":"S-1-5-21-1966530601-3185510712-10604624","highvalue":false},"ChildObjects":[],"Aces":[{"PrincipalSID":"S-1-5-21-1966530601-3185510712-10604624-512","PrincipalType":"Group","RightName":"Owns","IsInherited":false},{"PrincipalSID":"S-1-5-21-1966530601-3185510712-10604624-512","PrincipalType":"Group","RightName":"WriteDacl","IsInherited":false},{"PrincipalSID":"S-1-5-21-1966530601-3185510712-10604624-512","PrincipalType":"Group","RightName":"WriteOwner","IsInherited":false},{"PrincipalSID":"S-1-5-21-1966530601-3185510712-10604624-519","PrincipalType":"Group","RightName":"GenericAll","IsInherited":true},{"PrincipalSID":"SERVICES.LOCAL-S-1-5-32-544","PrincipalType":"Group","RightName":"WriteDacl","IsInherited":true},{"PrincipalSID":"SERVICES.LOCAL-S-1-5-32-544","PrincipalType":"Group","RightName":"WriteOwner","IsInherited":true}],"ObjectIdentifier":"83E32EA7-1A2B-4EBD-BD15-A654E3A28786","IsDeleted":false,"IsACLProtected":false}],"meta":{"methods":29675,"type":"containers","count":21,"version":5}}