﻿{"data":[{"GPOChanges":{"LocalAdmins":[],"RemoteDesktopUsers":[],"DcomUsers":[],"PSRemoteUsers":[],"AffectedComputers":[]},"Properties":{"domain":"SERVICES.LOCAL","name":"SERVICES.LOCAL","distinguishedname":"DC=SERVICES,DC=LOCAL","domainsid":"S-1-5-21-1966530601-3185510712-10604624","highvalue":true,"description":null,"whencreated":1676438751,"functionallevel":"2016"},"ChildObjects":[{"ObjectIdentifier":"83E32EA7-1A2B-4EBD-BD15-A654E3A28786","ObjectType":"Container"},{"ObjectIdentifier":"D9CED79A-169B-44F5-835E-004F36C4C7AB","ObjectType":"OU"},{"ObjectIdentifier":"4DA992CA-195E-45F4-A8A7-8CE80D505001","ObjectType":"Container"},{"ObjectIdentifier":"710C04B3-0EA4-4290-BE33-3056B0BCA7EA","ObjectType":"Container"},{"ObjectIdentifier":"59D2886A-0392-4F87-AAA3-6D6ADC1C7E18","ObjectType":"Container"}],"Trusts":[],"Links":[{"IsEnforced":false,"GUID":"37EE7826-92D3-416B-AEB2-81BF763B1EA0"}],"Aces":[{"PrincipalSID":"SERVICES.LOCAL-S-1-5-32-544","PrincipalType":"Group","RightName":"Owns","IsInherited":false},{"PrincipalSID":"SERVICES.LOCAL-S-1-5-32-544","PrincipalType":"Group","RightName":"WriteDacl","IsInherited":false},{"PrincipalSID":"SERVICES.LOCAL-S-1-5-32-544","PrincipalType":"Group","RightName":"WriteOwner","IsInherited":false},{"PrincipalSID":"SERVICES.LOCAL-S-1-5-32-544","PrincipalType":"Group","RightName":"AllExtendedRights","IsInherited":false},{"PrincipalSID":"S-1-5-21-1966530601-3185510712-10604624-512","PrincipalType":"Group","RightName":"WriteDacl","IsInherited":false},{"PrincipalSID":"S-1-5-21-1966530601-3185510712-10604624-512","PrincipalType":"Group","RightName":"WriteOwner","IsInherited":false},{"PrincipalSID":"S-1-5-21-1966530601-3185510712-10604624-512","PrincipalType":"Group","RightName":"AllExtendedRights","IsInherited":false},{"PrincipalSID":"S-1-5-21-1966530601-3185510712-10604624-519","PrincipalType":"Group","RightName":"GenericAll","IsInherited":false},{"PrincipalSID":"SERVICES.LOCAL-S-1-5-9","PrincipalType":"Group","RightName":"GetChanges","IsInherited":false},{"PrincipalSID":"SERVICES.LOCAL-S-1-5-9","PrincipalType":"Group","RightName":"GetChangesInFilteredSet","IsInherited":false},{"PrincipalSID":"SERVICES.LOCAL-S-1-5-32-544","PrincipalType":"Group","RightName":"GetChangesAll","IsInherited":false},{"PrincipalSID":"SERVICES.LOCAL-S-1-5-32-544","PrincipalType":"Group","RightName":"GetChanges","IsInherited":false},{"PrincipalSID":"SERVICES.LOCAL-S-1-5-32-544","PrincipalType":"Group","RightName":"GetChangesInFilteredSet","IsInherited":false},{"PrincipalSID":"S-1-5-21-1966530601-3185510712-10604624-498","PrincipalType":"Group","RightName":"GetChanges","IsInherited":false},{"PrincipalSID":"S-1-5-21-1966530601-3185510712-10604624-516","PrincipalType":"Group","RightName":"GetChangesAll","IsInherited":false}],"ObjectIdentifier":"S-1-5-21-1966530601-3185510712-10604624","IsDeleted":false,"IsACLProtected":false}],"meta":{"methods":29675,"type":"domains","count":1,"version":5}}