﻿{"data":[{"Properties":{"domain":"SERVICES.LOCAL","name":"ADMINISTRATOR@SERVICES.LOCAL","distinguishedname":"CN=ADMINISTRATOR,CN=USERS,DC=SERVICES,DC=LOCAL","domainsid":"S-1-5-21-1966530601-3185510712-10604624","highvalue":false,"samaccountname":"Administrator","description":"Built-in account for administering the computer/domain","whencreated":1676438759,"sensitive":false,"dontreqpreauth":false,"passwordnotreqd":false,"unconstraineddelegation":false,"pwdneverexpires":true,"enabled":true,"trustedtoauth":false,"lastlogon":1680571277,"lastlogontimestamp":1680570426,"pwdlastset":1680571259,"serviceprincipalnames":[],"hasspn":false,"displayname":null,"email":null,"title":null,"homedirectory":null,"userpassword":null,"unixpassword":null,"unicodepassword":null,"sfupassword":null,"logonscript":null,"admincount":true,"sidhistory":[]},"AllowedToDelegate":[],"PrimaryGroupSID":"S-1-5-21-1966530601-3185510712-10604624-513","HasSIDHistory":[],"SPNTargets":[],"Aces":[{"PrincipalSID":"S-1-5-21-1966530601-3185510712-10604624-512","PrincipalType":"Group","RightName":"Owns","IsInherited":false},{"PrincipalSID":"SERVICES.LOCAL-S-1-5-32-544","PrincipalType":"Group","RightName":"WriteDacl","IsInherited":false},{"PrincipalSID":"SERVICES.LOCAL-S-1-5-32-544","PrincipalType":"Group","RightName":"WriteOwner","IsInherited":false},{"PrincipalSID":"SERVICES.LOCAL-S-1-5-32-544","PrincipalType":"Group","RightName":"AllExtendedRights","IsInherited":false},{"PrincipalSID":"SERVICES.LOCAL-S-1-5-32-544","PrincipalType":"Group","RightName":"GenericWrite","IsInherited":false},{"PrincipalSID":"S-1-5-21-1966530601-3185510712-10604624-512","PrincipalType":"Group","RightName":"WriteDacl","IsInherited":false},{"PrincipalSID":"S-1-5-21-1966530601-3185510712-10604624-512","PrincipalType":"Group","RightName":"WriteOwner","IsInherited":false},{"PrincipalSID":"S-1-5-21-1966530601-3185510712-10604624-512","PrincipalType":"Group","RightName":"AllExtendedRights","IsInherited":false},{"PrincipalSID":"S-1-5-21-1966530601-3185510712-10604624-512","PrincipalType":"Group","RightName":"GenericWrite","IsInherited":false},{"PrincipalSID":"S-1-5-21-1966530601-3185510712-10604624-519","PrincipalType":"Group","RightName":"WriteDacl","IsInherited":false},{"PrincipalSID":"S-1-5-21-1966530601-3185510712-10604624-519","PrincipalType":"Group","RightName":"WriteOwner","IsInherited":false},{"PrincipalSID":"S-1-5-21-1966530601-3185510712-10604624-519","PrincipalType":"Group","RightName":"AllExtendedRights","IsInherited":false},{"PrincipalSID":"S-1-5-21-1966530601-3185510712-10604624-519","PrincipalType":"Group","RightName":"GenericWrite","IsInherited":false}],"ObjectIdentifier":"S-1-5-21-1966530601-3185510712-10604624-500","IsDeleted":false,"IsACLProtected":true},{"Properties":{"domain":"SERVICES.LOCAL","name":"KRBTGT@SERVICES.LOCAL","distinguishedname":"CN=KRBTGT,CN=USERS,DC=SERVICES,DC=LOCAL","domainsid":"S-1-5-21-1966530601-3185510712-10604624","highvalue":false,"samaccountname":"krbtgt","description":"Key Distribution Center Service Account","whencreated":1676438844,"sensitive":false,"dontreqpreauth":false,"passwordnotreqd":false,"unconstraineddelegation":false,"pwdneverexpires":false,"enabled":false,"trustedtoauth":false,"lastlogon":0,"lastlogontimestamp":-1,"pwdlastset":1676438844,"serviceprincipalnames":["kadmin/changepw"],"hasspn":true,"displayname":null,"email":null,"title":null,"homedirectory":null,"userpassword":null,"unixpassword":null,"unicodepassword":null,"sfupassword":null,"logonscript":null,"admincount":true,"sidhistory":[]},"AllowedToDelegate":[],"PrimaryGroupSID":"S-1-5-21-1966530601-3185510712-10604624-513","HasSIDHistory":[],"SPNTargets":[],"Aces":[{"PrincipalSID":"S-1-5-21-1966530601-3185510712-10604624-512","PrincipalType":"Group","RightName":"Owns","IsInherited":false},{"PrincipalSID":"SERVICES.LOCAL-S-1-5-32-544","PrincipalType":"Group","RightName":"WriteDacl","IsInherited":false},{"PrincipalSID":"SERVICES.LOCAL-S-1-5-32-544","PrincipalType":"Group","RightName":"WriteOwner","IsInherited":false},{"PrincipalSID":"SERVICES.LOCAL-S-1-5-32-544","PrincipalType":"Group","RightName":"AllExtendedRights","IsInherited":false},{"PrincipalSID":"SERVICES.LOCAL-S-1-5-32-544","PrincipalType":"Group","RightName":"GenericWrite","IsInherited":false},{"PrincipalSID":"S-1-5-21-1966530601-3185510712-10604624-512","PrincipalType":"Group","RightName":"WriteDacl","IsInherited":false},{"PrincipalSID":"S-1-5-21-1966530601-3185510712-10604624-512","PrincipalType":"Group","RightName":"WriteOwner","IsInherited":false},{"PrincipalSID":"S-1-5-21-1966530601-3185510712-10604624-512","PrincipalType":"Group","RightName":"AllExtendedRights","IsInherited":false},{"PrincipalSID":"S-1-5-21-1966530601-3185510712-10604624-512","PrincipalType":"Group","RightName":"GenericWrite","IsInherited":false},{"PrincipalSID":"S-1-5-21-1966530601-3185510712-10604624-519","PrincipalType":"Group","RightName":"WriteDacl","IsInherited":false},{"PrincipalSID":"S-1-5-21-1966530601-3185510712-10604624-519","PrincipalType":"Group","RightName":"WriteOwner","IsInherited":false},{"PrincipalSID":"S-1-5-21-1966530601-3185510712-10604624-519","PrincipalType":"Group","RightName":"AllExtendedRights","IsInherited":false},{"PrincipalSID":"S-1-5-21-1966530601-3185510712-10604624-519","PrincipalType":"Group","RightName":"GenericWrite","IsInherited":false}],"ObjectIdentifier":"S-1-5-21-1966530601-3185510712-10604624-502","IsDeleted":false,"IsACLProtected":true},{"Properties":{"domain":"SERVICES.LOCAL","name":"J.ROCK@SERVICES.LOCAL","distinguishedname":"CN=J.ROCK,CN=USERS,DC=SERVICES,DC=LOCAL","domainsid":"S-1-5-21-1966530601-3185510712-10604624","highvalue":false,"samaccountname":"j.rock","description":"IT Support","whencreated":1676439752,"sensitive":false,"dontreqpreauth":true,"passwordnotreqd":true,"unconstraineddelegation":false,"pwdneverexpires":true,"enabled":true,"trustedtoauth":false,"lastlogon":1683587882,"lastlogontimestamp":1683587647,"pwdlastset":1676439752,"serviceprincipalnames":[],"hasspn":false,"displayname":"Jack Rock","email":null,"title":null,"homedirectory":null,"userpassword":null,"unixpassword":null,"unicodepassword":null,"sfupassword":null,"logonscript":null,"admincount":true,"sidhistory":[]},"AllowedToDelegate":[],"PrimaryGroupSID":"S-1-5-21-1966530601-3185510712-10604624-513","HasSIDHistory":[],"SPNTargets":[],"Aces":[{"PrincipalSID":"S-1-5-21-1966530601-3185510712-10604624-512","PrincipalType":"Group","RightName":"Owns","IsInherited":false},{"PrincipalSID":"SERVICES.LOCAL-S-1-5-32-544","PrincipalType":"Group","RightName":"WriteDacl","IsInherited":false},{"PrincipalSID":"SERVICES.LOCAL-S-1-5-32-544","PrincipalType":"Group","RightName":"WriteOwner","IsInherited":false},{"PrincipalSID":"SERVICES.LOCAL-S-1-5-32-544","PrincipalType":"Group","RightName":"AllExtendedRights","IsInherited":false},{"PrincipalSID":"SERVICES.LOCAL-S-1-5-32-544","PrincipalType":"Group","RightName":"GenericWrite","IsInherited":false},{"PrincipalSID":"S-1-5-21-1966530601-3185510712-10604624-512","PrincipalType":"Group","RightName":"WriteDacl","IsInherited":false},{"PrincipalSID":"S-1-5-21-1966530601-3185510712-10604624-512","PrincipalType":"Group","RightName":"WriteOwner","IsInherited":false},{"PrincipalSID":"S-1-5-21-1966530601-3185510712-10604624-512","PrincipalType":"Group","RightName":"AllExtendedRights","IsInherited":false},{"PrincipalSID":"S-1-5-21-1966530601-3185510712-10604624-512","PrincipalType":"Group","RightName":"GenericWrite","IsInherited":false},{"PrincipalSID":"S-1-5-21-1966530601-3185510712-10604624-519","PrincipalType":"Group","RightName":"WriteDacl","IsInherited":false},{"PrincipalSID":"S-1-5-21-1966530601-3185510712-10604624-519","PrincipalType":"Group","RightName":"WriteOwner","IsInherited":false},{"PrincipalSID":"S-1-5-21-1966530601-3185510712-10604624-519","PrincipalType":"Group","RightName":"AllExtendedRights","IsInherited":false},{"PrincipalSID":"S-1-5-21-1966530601-3185510712-10604624-519","PrincipalType":"Group","RightName":"GenericWrite","IsInherited":false}],"ObjectIdentifier":"S-1-5-21-1966530601-3185510712-10604624-1111","IsDeleted":false,"IsACLProtected":true},{"Properties":{"domain":"SERVICES.LOCAL","name":"J.DOE@SERVICES.LOCAL","distinguishedname":"CN=JOANNE DOE,CN=USERS,DC=SERVICES,DC=LOCAL","domainsid":"S-1-5-21-1966530601-3185510712-10604624","highvalue":false,"samaccountname":"j.doe","description":null,"whencreated":1676439845,"sensitive":false,"dontreqpreauth":false,"passwordnotreqd":false,"unconstraineddelegation":false,"pwdneverexpires":false,"enabled":true,"trustedtoauth":false,"lastlogon":0,"lastlogontimestamp":-1,"pwdlastset":1676439846,"serviceprincipalnames":[],"hasspn":false,"displayname":null,"email":null,"title":null,"homedirectory":null,"userpassword":null,"unixpassword":null,"unicodepassword":null,"sfupassword":null,"logonscript":null,"admincount":false,"sidhistory":[]},"AllowedToDelegate":[],"PrimaryGroupSID":"S-1-5-21-1966530601-3185510712-10604624-513","HasSIDHistory":[],"SPNTargets":[],"Aces":[{"PrincipalSID":"S-1-5-21-1966530601-3185510712-10604624-512","PrincipalType":"Group","RightName":"Owns","IsInherited":false},{"PrincipalSID":"SERVICES.LOCAL-S-1-5-32-548","PrincipalType":"Group","RightName":"GenericAll","IsInherited":false},{"PrincipalSID":"S-1-5-21-1966530601-3185510712-10604624-512","PrincipalType":"Group","RightName":"GenericAll","IsInherited":false},{"PrincipalSID":"S-1-5-21-1966530601-3185510712-10604624-526","PrincipalType":"Group","RightName":"AddKeyCredentialLink","IsInherited":true},{"PrincipalSID":"S-1-5-21-1966530601-3185510712-10604624-527","PrincipalType":"Group","RightName":"AddKeyCredentialLink","IsInherited":true},{"PrincipalSID":"S-1-5-21-1966530601-3185510712-10604624-519","PrincipalType":"Group","RightName":"GenericAll","IsInherited":true},{"PrincipalSID":"SERVICES.LOCAL-S-1-5-32-544","PrincipalType":"Group","RightName":"WriteDacl","IsInherited":true},{"PrincipalSID":"SERVICES.LOCAL-S-1-5-32-544","PrincipalType":"Group","RightName":"WriteOwner","IsInherited":true},{"PrincipalSID":"SERVICES.LOCAL-S-1-5-32-544","PrincipalType":"Group","RightName":"AllExtendedRights","IsInherited":true},{"PrincipalSID":"SERVICES.LOCAL-S-1-5-32-544","PrincipalType":"Group","RightName":"GenericWrite","IsInherited":true}],"ObjectIdentifier":"S-1-5-21-1966530601-3185510712-10604624-1112","IsDeleted":false,"IsACLProtected":false},{"Properties":{"domain":"SERVICES.LOCAL","name":"W.MASTERS@SERVICES.LOCAL","distinguishedname":"CN=WILL MASTERS,CN=USERS,DC=SERVICES,DC=LOCAL","domainsid":"S-1-5-21-1966530601-3185510712-10604624","highvalue":false,"samaccountname":"w.masters","description":null,"whencreated":1676440034,"sensitive":false,"dontreqpreauth":false,"passwordnotreqd":false,"unconstraineddelegation":false,"pwdneverexpires":false,"enabled":true,"trustedtoauth":false,"lastlogon":0,"lastlogontimestamp":-1,"pwdlastset":1676440035,"serviceprincipalnames":[],"hasspn":false,"displayname":null,"email":null,"title":null,"homedirectory":null,"userpassword":null,"unixpassword":null,"unicodepassword":null,"sfupassword":null,"logonscript":null,"admincount":false,"sidhistory":[]},"AllowedToDelegate":[],"PrimaryGroupSID":"S-1-5-21-1966530601-3185510712-10604624-513","HasSIDHistory":[],"SPNTargets":[],"Aces":[{"PrincipalSID":"S-1-5-21-1966530601-3185510712-10604624-512","PrincipalType":"Group","RightName":"Owns","IsInherited":false},{"PrincipalSID":"SERVICES.LOCAL-S-1-5-32-548","PrincipalType":"Group","RightName":"GenericAll","IsInherited":false},{"PrincipalSID":"S-1-5-21-1966530601-3185510712-10604624-512","PrincipalType":"Group","RightName":"GenericAll","IsInherited":false},{"PrincipalSID":"S-1-5-21-1966530601-3185510712-10604624-526","PrincipalType":"Group","RightName":"AddKeyCredentialLink","IsInherited":true},{"PrincipalSID":"S-1-5-21-1966530601-3185510712-10604624-527","PrincipalType":"Group","RightName":"AddKeyCredentialLink","IsInherited":true},{"PrincipalSID":"S-1-5-21-1966530601-3185510712-10604624-519","PrincipalType":"Group","RightName":"GenericAll","IsInherited":true},{"PrincipalSID":"SERVICES.LOCAL-S-1-5-32-544","PrincipalType":"Group","RightName":"WriteDacl","IsInherited":true},{"PrincipalSID":"SERVICES.LOCAL-S-1-5-32-544","PrincipalType":"Group","RightName":"WriteOwner","IsInherited":true},{"PrincipalSID":"SERVICES.LOCAL-S-1-5-32-544","PrincipalType":"Group","RightName":"AllExtendedRights","IsInherited":true},{"PrincipalSID":"SERVICES.LOCAL-S-1-5-32-544","PrincipalType":"Group","RightName":"GenericWrite","IsInherited":true}],"ObjectIdentifier":"S-1-5-21-1966530601-3185510712-10604624-1113","IsDeleted":false,"IsACLProtected":false},{"Properties":{"domain":"SERVICES.LOCAL","name":"J.LARUSSO@SERVICES.LOCAL","distinguishedname":"CN=JOHNNY LARUSSO,CN=USERS,DC=SERVICES,DC=LOCAL","domainsid":"S-1-5-21-1966530601-3185510712-10604624","highvalue":false,"samaccountname":"j.larusso","description":null,"whencreated":1676440063,"sensitive":false,"dontreqpreauth":false,"passwordnotreqd":false,"unconstraineddelegation":false,"pwdneverexpires":false,"enabled":true,"trustedtoauth":false,"lastlogon":0,"lastlogontimestamp":-1,"pwdlastset":1676440063,"serviceprincipalnames":[],"hasspn":false,"displayname":null,"email":null,"title":null,"homedirectory":null,"userpassword":null,"unixpassword":null,"unicodepassword":null,"sfupassword":null,"logonscript":null,"admincount":false,"sidhistory":[]},"AllowedToDelegate":[],"PrimaryGroupSID":"S-1-5-21-1966530601-3185510712-10604624-513","HasSIDHistory":[],"SPNTargets":[],"Aces":[{"PrincipalSID":"S-1-5-21-1966530601-3185510712-10604624-512","PrincipalType":"Group","RightName":"Owns","IsInherited":false},{"PrincipalSID":"SERVICES.LOCAL-S-1-5-32-548","PrincipalType":"Group","RightName":"GenericAll","IsInherited":false},{"PrincipalSID":"S-1-5-21-1966530601-3185510712-10604624-512","PrincipalType":"Group","RightName":"GenericAll","IsInherited":false},{"PrincipalSID":"S-1-5-21-1966530601-3185510712-10604624-526","PrincipalType":"Group","RightName":"AddKeyCredentialLink","IsInherited":true},{"PrincipalSID":"S-1-5-21-1966530601-3185510712-10604624-527","PrincipalType":"Group","RightName":"AddKeyCredentialLink","IsInherited":true},{"PrincipalSID":"S-1-5-21-1966530601-3185510712-10604624-519","PrincipalType":"Group","RightName":"GenericAll","IsInherited":true},{"PrincipalSID":"SERVICES.LOCAL-S-1-5-32-544","PrincipalType":"Group","RightName":"WriteDacl","IsInherited":true},{"PrincipalSID":"SERVICES.LOCAL-S-1-5-32-544","PrincipalType":"Group","RightName":"WriteOwner","IsInherited":true},{"PrincipalSID":"SERVICES.LOCAL-S-1-5-32-544","PrincipalType":"Group","RightName":"AllExtendedRights","IsInherited":true},{"PrincipalSID":"SERVICES.LOCAL-S-1-5-32-544","PrincipalType":"Group","RightName":"GenericWrite","IsInherited":true}],"ObjectIdentifier":"S-1-5-21-1966530601-3185510712-10604624-1114","IsDeleted":false,"IsACLProtected":false},{"Properties":{"domain":"SERVICES.LOCAL","name":"GUEST@SERVICES.LOCAL","distinguishedname":"CN=GUEST,CN=USERS,DC=SERVICES,DC=LOCAL","domainsid":"S-1-5-21-1966530601-3185510712-10604624","highvalue":false,"samaccountname":"Guest","description":"Built-in account for guest access to the computer/domain","whencreated":1676438759,"sensitive":false,"dontreqpreauth":false,"passwordnotreqd":true,"unconstraineddelegation":false,"pwdneverexpires":true,"enabled":false,"trustedtoauth":false,"lastlogon":0,"lastlogontimestamp":-1,"pwdlastset":0,"serviceprincipalnames":[],"hasspn":false,"displayname":null,"email":null,"title":null,"homedirectory":null,"userpassword":null,"unixpassword":null,"unicodepassword":null,"sfupassword":null,"logonscript":null,"admincount":false,"sidhistory":[]},"AllowedToDelegate":[],"PrimaryGroupSID":"S-1-5-21-1966530601-3185510712-10604624-514","HasSIDHistory":[],"SPNTargets":[],"Aces":[{"PrincipalSID":"SERVICES.LOCAL-S-1-5-32-544","PrincipalType":"Group","RightName":"Owns","IsInherited":false},{"PrincipalSID":"SERVICES.LOCAL-S-1-5-32-548","PrincipalType":"Group","RightName":"GenericAll","IsInherited":false},{"PrincipalSID":"S-1-5-21-1966530601-3185510712-10604624-512","PrincipalType":"Group","RightName":"GenericAll","IsInherited":false},{"PrincipalSID":"S-1-5-21-1966530601-3185510712-10604624-526","PrincipalType":"Group","RightName":"AddKeyCredentialLink","IsInherited":true},{"PrincipalSID":"S-1-5-21-1966530601-3185510712-10604624-527","PrincipalType":"Group","RightName":"AddKeyCredentialLink","IsInherited":true},{"PrincipalSID":"S-1-5-21-1966530601-3185510712-10604624-519","PrincipalType":"Group","RightName":"GenericAll","IsInherited":true},{"PrincipalSID":"SERVICES.LOCAL-S-1-5-32-544","PrincipalType":"Group","RightName":"WriteDacl","IsInherited":true},{"PrincipalSID":"SERVICES.LOCAL-S-1-5-32-544","PrincipalType":"Group","RightName":"WriteOwner","IsInherited":true},{"PrincipalSID":"SERVICES.LOCAL-S-1-5-32-544","PrincipalType":"Group","RightName":"AllExtendedRights","IsInherited":true},{"PrincipalSID":"SERVICES.LOCAL-S-1-5-32-544","PrincipalType":"Group","RightName":"GenericWrite","IsInherited":true}],"ObjectIdentifier":"S-1-5-21-1966530601-3185510712-10604624-501","IsDeleted":false,"IsACLProtected":false}],"meta":{"methods":29675,"type":"users","count":7,"version":5}}