﻿{"data":[{"Properties":{"domain":"SERVICES.LOCAL","name":"DEFAULT DOMAIN CONTROLLERS POLICY@SERVICES.LOCAL","distinguishedname":"CN={6AC1786C-016F-11D2-945F-00C04FB984F9},CN=POLICIES,CN=SYSTEM,DC=SERVICES,DC=LOCAL","domainsid":"S-1-5-21-1966530601-3185510712-10604624","highvalue":false,"description":null,"whencreated":1676438758,"gpcpath":"\\\\SERVICES.LOCAL\\SYSVOL\\SERVICES.LOCAL\\POLICIES\\{6AC1786C-016F-11D2-945F-00C04FB984F9}"},"Aces":[{"PrincipalSID":"S-1-5-21-1966530601-3185510712-10604624-512","PrincipalType":"Group","RightName":"Owns","IsInherited":false},{"PrincipalSID":"S-1-5-21-1966530601-3185510712-10604624-512","PrincipalType":"Group","RightName":"WriteDacl","IsInherited":false},{"PrincipalSID":"S-1-5-21-1966530601-3185510712-10604624-512","PrincipalType":"Group","RightName":"WriteOwner","IsInherited":false},{"PrincipalSID":"S-1-5-21-1966530601-3185510712-10604624-512","PrincipalType":"Group","RightName":"GenericWrite","IsInherited":false},{"PrincipalSID":"S-1-5-21-1966530601-3185510712-10604624-512","PrincipalType":"Group","RightName":"WriteDacl","IsInherited":false},{"PrincipalSID":"S-1-5-21-1966530601-3185510712-10604624-512","PrincipalType":"Group","RightName":"WriteOwner","IsInherited":false},{"PrincipalSID":"S-1-5-21-1966530601-3185510712-10604624-512","PrincipalType":"Group","RightName":"GenericWrite","IsInherited":false},{"PrincipalSID":"S-1-5-21-1966530601-3185510712-10604624-519","PrincipalType":"Group","RightName":"WriteDacl","IsInherited":false},{"PrincipalSID":"S-1-5-21-1966530601-3185510712-10604624-519","PrincipalType":"Group","RightName":"WriteOwner","IsInherited":false},{"PrincipalSID":"S-1-5-21-1966530601-3185510712-10604624-519","PrincipalType":"Group","RightName":"GenericWrite","IsInherited":false}],"ObjectIdentifier":"A7EFD7DD-BAE9-4A3D-B143-CD79AC828DCB","IsDeleted":false,"IsACLProtected":true},{"Properties":{"domain":"SERVICES.LOCAL","name":"DEFAULT DOMAIN POLICY@SERVICES.LOCAL","distinguishedname":"CN={31B2F340-016D-11D2-945F-00C04FB984F9},CN=POLICIES,CN=SYSTEM,DC=SERVICES,DC=LOCAL","domainsid":"S-1-5-21-1966530601-3185510712-10604624","highvalue":false,"description":null,"whencreated":1676438758,"gpcpath":"\\\\SERVICES.LOCAL\\SYSVOL\\SERVICES.LOCAL\\POLICIES\\{31B2F340-016D-11D2-945F-00C04FB984F9}"},"Aces":[{"PrincipalSID":"S-1-5-21-1966530601-3185510712-10604624-512","PrincipalType":"Group","RightName":"Owns","IsInherited":false},{"PrincipalSID":"S-1-5-21-1966530601-3185510712-10604624-512","PrincipalType":"Group","RightName":"WriteDacl","IsInherited":false},{"PrincipalSID":"S-1-5-21-1966530601-3185510712-10604624-512","PrincipalType":"Group","RightName":"WriteOwner","IsInherited":false},{"PrincipalSID":"S-1-5-21-1966530601-3185510712-10604624-512","PrincipalType":"Group","RightName":"GenericWrite","IsInherited":false},{"PrincipalSID":"S-1-5-21-1966530601-3185510712-10604624-512","PrincipalType":"Group","RightName":"WriteDacl","IsInherited":false},{"PrincipalSID":"S-1-5-21-1966530601-3185510712-10604624-512","PrincipalType":"Group","RightName":"WriteOwner","IsInherited":false},{"PrincipalSID":"S-1-5-21-1966530601-3185510712-10604624-512","PrincipalType":"Group","RightName":"GenericWrite","IsInherited":false},{"PrincipalSID":"S-1-5-21-1966530601-3185510712-10604624-519","PrincipalType":"Group","RightName":"WriteDacl","IsInherited":false},{"PrincipalSID":"S-1-5-21-1966530601-3185510712-10604624-519","PrincipalType":"Group","RightName":"WriteOwner","IsInherited":false},{"PrincipalSID":"S-1-5-21-1966530601-3185510712-10604624-519","PrincipalType":"Group","RightName":"GenericWrite","IsInherited":false}],"ObjectIdentifier":"37EE7826-92D3-416B-AEB2-81BF763B1EA0","IsDeleted":false,"IsACLProtected":true}],"meta":{"methods":29675,"type":"gpos","count":2,"version":5}}