﻿{"data":[{"GPOChanges":{"LocalAdmins":[],"RemoteDesktopUsers":[],"DcomUsers":[],"PSRemoteUsers":[],"AffectedComputers":[]},"Properties":{"domain":"SERVICES.LOCAL","name":"DOMAIN CONTROLLERS@SERVICES.LOCAL","distinguishedname":"OU=DOMAIN CONTROLLERS,DC=SERVICES,DC=LOCAL","domainsid":"S-1-5-21-1966530601-3185510712-10604624","highvalue":false,"description":"Default container for domain controllers","whencreated":1676438758,"blocksinheritance":false},"Links":[{"IsEnforced":false,"GUID":"A7EFD7DD-BAE9-4A3D-B143-CD79AC828DCB"}],"ChildObjects":[{"ObjectIdentifier":"S-1-5-21-1966530601-3185510712-10604624-1008","ObjectType":"Computer"}],"Aces":[{"PrincipalSID":"S-1-5-21-1966530601-3185510712-10604624-512","PrincipalType":"Group","RightName":"Owns","IsInherited":false},{"PrincipalSID":"S-1-5-21-1966530601-3185510712-10604624-512","PrincipalType":"Group","RightName":"WriteDacl","IsInherited":false},{"PrincipalSID":"S-1-5-21-1966530601-3185510712-10604624-512","PrincipalType":"Group","RightName":"WriteOwner","IsInherited":false},{"PrincipalSID":"S-1-5-21-1966530601-3185510712-10604624-519","PrincipalType":"Group","RightName":"GenericAll","IsInherited":true},{"PrincipalSID":"SERVICES.LOCAL-S-1-5-32-544","PrincipalType":"Group","RightName":"WriteDacl","IsInherited":true},{"PrincipalSID":"SERVICES.LOCAL-S-1-5-32-544","PrincipalType":"Group","RightName":"WriteOwner","IsInherited":true}],"ObjectIdentifier":"D9CED79A-169B-44F5-835E-004F36C4C7AB","IsDeleted":false,"IsACLProtected":false}],"meta":{"methods":29675,"type":"ous","count":1,"version":5}}