﻿{"data":[{"Properties":{"domain":"SERVICES.LOCAL","name":"WIN-SERVICES.SERVICES.LOCAL","distinguishedname":"CN=WIN-SERVICES,OU=DOMAIN CONTROLLERS,DC=SERVICES,DC=LOCAL","domainsid":"S-1-5-21-1966530601-3185510712-10604624","highvalue":false,"samaccountname":"WIN-SERVICES$","haslaps":false,"description":null,"whencreated":1676438844,"enabled":true,"unconstraineddelegation":true,"trustedtoauth":false,"lastlogon":1683584207,"lastlogontimestamp":1683584163,"pwdlastset":1683584144,"serviceprincipalnames":["Dfsr-12F9A27C-BF97-4787-9364-D31B6C55EB04/WIN-SERVICES.services.local","ldap/WIN-SERVICES.services.local/ForestDnsZones.services.local","ldap/WIN-SERVICES.services.local/DomainDnsZones.services.local","TERMSRV/WIN-SERVICES","TERMSRV/WIN-SERVICES.services.local","DNS/WIN-SERVICES.services.local","GC/WIN-SERVICES.services.local/services.local","RestrictedKrbHost/WIN-SERVICES.services.local","RestrictedKrbHost/WIN-SERVICES","RPC/3c1e7025-1d9c-470c-a2e6-451f3e1f5729._msdcs.services.local","HOST/WIN-SERVICES/SERVICES","HOST/WIN-SERVICES.services.local/SERVICES","HOST/WIN-SERVICES","HOST/WIN-SERVICES.services.local","HOST/WIN-SERVICES.services.local/services.local","E3514235-4B06-11D1-AB04-00C04FC2DCD2/3c1e7025-1d9c-470c-a2e6-451f3e1f5729/services.local","ldap/WIN-SERVICES/SERVICES","ldap/3c1e7025-1d9c-470c-a2e6-451f3e1f5729._msdcs.services.local","ldap/WIN-SERVICES.services.local/SERVICES","ldap/WIN-SERVICES","ldap/WIN-SERVICES.services.local","ldap/WIN-SERVICES.services.local/services.local"],"operatingsystem":"Windows Server 2019 Datacenter","sidhistory":[]},"PrimaryGroupSID":"S-1-5-21-1966530601-3185510712-10604624-516","AllowedToDelegate":[],"AllowedToAct":[],"HasSIDHistory":[],"Sessions":{"Results":[],"Collected":true,"FailureReason":null},"PrivilegedSessions":{"Results":[],"Collected":false,"FailureReason":null},"RegistrySessions":{"Results":[],"Collected":false,"FailureReason":null},"LocalAdmins":{"Results":[{"ObjectIdentifier":"S-1-5-21-1966530601-3185510712-10604624-500","ObjectType":"User"},{"ObjectIdentifier":"S-1-5-21-1966530601-3185510712-10604624-519","ObjectType":"Group"},{"ObjectIdentifier":"S-1-5-21-1966530601-3185510712-10604624-512","ObjectType":"Group"}],"Collected":true,"FailureReason":null},"RemoteDesktopUsers":{"Results":[],"Collected":true,"FailureReason":null},"DcomUsers":{"Results":[],"Collected":true,"FailureReason":null},"PSRemoteUsers":{"Results":[{"ObjectIdentifier":"S-1-5-21-1966530601-3185510712-10604624-1111","ObjectType":"User"}],"Collected":true,"FailureReason":null},"Status":null,"Aces":[{"PrincipalSID":"S-1-5-21-1966530601-3185510712-10604624-512","PrincipalType":"Group","RightName":"Owns","IsInherited":false},{"PrincipalSID":"S-1-5-21-1966530601-3185510712-10604624-512","PrincipalType":"Group","RightName":"GenericAll","IsInherited":false},{"PrincipalSID":"S-1-5-21-1966530601-3185510712-10604624-526","PrincipalType":"Group","RightName":"AddKeyCredentialLink","IsInherited":true},{"PrincipalSID":"S-1-5-21-1966530601-3185510712-10604624-527","PrincipalType":"Group","RightName":"AddKeyCredentialLink","IsInherited":true},{"PrincipalSID":"S-1-5-21-1966530601-3185510712-10604624-519","PrincipalType":"Group","RightName":"GenericAll","IsInherited":true},{"PrincipalSID":"SERVICES.LOCAL-S-1-5-32-544","PrincipalType":"Group","RightName":"WriteDacl","IsInherited":true},{"PrincipalSID":"SERVICES.LOCAL-S-1-5-32-544","PrincipalType":"Group","RightName":"WriteOwner","IsInherited":true},{"PrincipalSID":"SERVICES.LOCAL-S-1-5-32-544","PrincipalType":"Group","RightName":"GenericWrite","IsInherited":true}],"ObjectIdentifier":"S-1-5-21-1966530601-3185510712-10604624-1008","IsDeleted":false,"IsACLProtected":false}],"meta":{"methods":29675,"type":"computers","count":1,"version":5}}