﻿{"data":[{"GPOChanges":{"LocalAdmins":[],"RemoteDesktopUsers":[],"DcomUsers":[],"PSRemoteUsers":[],"AffectedComputers":[]},"Properties":{"domain":"SEQUEL.HTB","name":"SEQUEL.HTB","distinguishedname":"DC=SEQUEL,DC=HTB","domainsid":"S-1-5-21-4078382237-1492182817-2568127209","highvalue":true,"description":null,"whencreated":1668762706,"functionallevel":"2016"},"ChildObjects":[{"ObjectIdentifier":"E503D271-69B8-40A5-AA07-EEA475DD74CB","ObjectType":"Container"},{"ObjectIdentifier":"01A15BC9-56FE-4762-9941-31804872E03A","ObjectType":"OU"},{"ObjectIdentifier":"613F23BE-EB4E-4C81-A4B7-B576C5CDA03A","ObjectType":"Container"},{"ObjectIdentifier":"DC4756B6-C2B3-47D7-80E6-74B2A4AEE29C","ObjectType":"Container"},{"ObjectIdentifier":"69833178-7DB0-4D0A-BCF5-CB5549F87274","ObjectType":"Container"}],"Trusts":[],"Links":[{"IsEnforced":false,"GUID":"5235C3D2-38E9-4C32-8A8F-C3D59BADC013"}],"Aces":[{"PrincipalSID":"SEQUEL.HTB-S-1-5-32-544","PrincipalType":"Group","RightName":"Owns","IsInherited":false},{"PrincipalSID":"SEQUEL.HTB-S-1-5-32-544","PrincipalType":"Group","RightName":"WriteDacl","IsInherited":false},{"PrincipalSID":"SEQUEL.HTB-S-1-5-32-544","PrincipalType":"Group","RightName":"WriteOwner","IsInherited":false},{"PrincipalSID":"SEQUEL.HTB-S-1-5-32-544","PrincipalType":"Group","RightName":"AllExtendedRights","IsInherited":false},{"PrincipalSID":"S-1-5-21-4078382237-1492182817-2568127209-512","PrincipalType":"Group","RightName":"WriteDacl","IsInherited":false},{"PrincipalSID":"S-1-5-21-4078382237-1492182817-2568127209-512","PrincipalType":"Group","RightName":"WriteOwner","IsInherited":false},{"PrincipalSID":"S-1-5-21-4078382237-1492182817-2568127209-512","PrincipalType":"Group","RightName":"AllExtendedRights","IsInherited":false},{"PrincipalSID":"S-1-5-21-4078382237-1492182817-2568127209-519","PrincipalType":"Group","RightName":"GenericAll","IsInherited":false},{"PrincipalSID":"SEQUEL.HTB-S-1-5-9","PrincipalType":"Group","RightName":"GetChanges","IsInherited":false},{"PrincipalSID":"SEQUEL.HTB-S-1-5-9","PrincipalType":"Group","RightName":"GetChangesInFilteredSet","IsInherited":false},{"PrincipalSID":"SEQUEL.HTB-S-1-5-32-544","PrincipalType":"Group","RightName":"GetChangesAll","IsInherited":false},{"PrincipalSID":"SEQUEL.HTB-S-1-5-32-544","PrincipalType":"Group","RightName":"GetChanges","IsInherited":false},{"PrincipalSID":"SEQUEL.HTB-S-1-5-32-544","PrincipalType":"Group","RightName":"GetChangesInFilteredSet","IsInherited":false},{"PrincipalSID":"S-1-5-21-4078382237-1492182817-2568127209-498","PrincipalType":"Group","RightName":"GetChanges","IsInherited":false},{"PrincipalSID":"S-1-5-21-4078382237-1492182817-2568127209-516","PrincipalType":"Group","RightName":"GetChangesAll","IsInherited":false}],"ObjectIdentifier":"S-1-5-21-4078382237-1492182817-2568127209","IsDeleted":false,"IsACLProtected":false}],"meta":{"methods":29675,"type":"domains","count":1,"version":5}}