﻿{"data":[{"GPOChanges":{"LocalAdmins":[],"RemoteDesktopUsers":[],"DcomUsers":[],"PSRemoteUsers":[],"AffectedComputers":[]},"Properties":{"domain":"SEQUEL.HTB","name":"DOMAIN CONTROLLERS@SEQUEL.HTB","distinguishedname":"OU=DOMAIN CONTROLLERS,DC=SEQUEL,DC=HTB","domainsid":"S-1-5-21-4078382237-1492182817-2568127209","highvalue":false,"description":"Default container for domain controllers","whencreated":1668762711,"blocksinheritance":false},"Links":[{"IsEnforced":false,"GUID":"13F24EAF-DC1B-4FFF-9F96-903CF106A1BF"}],"ChildObjects":[{"ObjectIdentifier":"S-1-5-21-4078382237-1492182817-2568127209-1000","ObjectType":"Computer"}],"Aces":[{"PrincipalSID":"S-1-5-21-4078382237-1492182817-2568127209-512","PrincipalType":"Group","RightName":"Owns","IsInherited":false},{"PrincipalSID":"S-1-5-21-4078382237-1492182817-2568127209-512","PrincipalType":"Group","RightName":"WriteDacl","IsInherited":false},{"PrincipalSID":"S-1-5-21-4078382237-1492182817-2568127209-512","PrincipalType":"Group","RightName":"WriteOwner","IsInherited":false},{"PrincipalSID":"S-1-5-21-4078382237-1492182817-2568127209-519","PrincipalType":"Group","RightName":"GenericAll","IsInherited":true},{"PrincipalSID":"SEQUEL.HTB-S-1-5-32-544","PrincipalType":"Group","RightName":"WriteDacl","IsInherited":true},{"PrincipalSID":"SEQUEL.HTB-S-1-5-32-544","PrincipalType":"Group","RightName":"WriteOwner","IsInherited":true}],"ObjectIdentifier":"01A15BC9-56FE-4762-9941-31804872E03A","IsDeleted":false,"IsACLProtected":false}],"meta":{"methods":29675,"type":"ous","count":1,"version":5}}