﻿{"data":[{"Properties":{"domain":"SEQUEL.HTB","name":"DC.SEQUEL.HTB","distinguishedname":"CN=DC,OU=DOMAIN CONTROLLERS,DC=SEQUEL,DC=HTB","domainsid":"S-1-5-21-4078382237-1492182817-2568127209","highvalue":false,"samaccountname":"DC$","haslaps":false,"description":null,"whencreated":1668762729,"enabled":true,"unconstraineddelegation":true,"trustedtoauth":false,"lastlogon":1682402013,"lastlogontimestamp":1682315631,"pwdlastset":1682315603,"serviceprincipalnames":["Dfsr-12F9A27C-BF97-4787-9364-D31B6C55EB04/dc.sequel.htb","ldap/dc.sequel.htb/ForestDnsZones.sequel.htb","ldap/dc.sequel.htb/DomainDnsZones.sequel.htb","DNS/dc.sequel.htb","GC/dc.sequel.htb/sequel.htb","RestrictedKrbHost/dc.sequel.htb","RestrictedKrbHost/DC","RPC/e758bd70-a92f-4f87-96f4-522f614c2fee._msdcs.sequel.htb","HOST/DC/sequel","HOST/dc.sequel.htb/sequel","HOST/DC","HOST/dc.sequel.htb","HOST/dc.sequel.htb/sequel.htb","E3514235-4B06-11D1-AB04-00C04FC2DCD2/e758bd70-a92f-4f87-96f4-522f614c2fee/sequel.htb","ldap/DC/sequel","ldap/e758bd70-a92f-4f87-96f4-522f614c2fee._msdcs.sequel.htb","ldap/dc.sequel.htb/sequel","ldap/DC","ldap/dc.sequel.htb","ldap/dc.sequel.htb/sequel.htb"],"operatingsystem":"Windows Server 2019 Standard","sidhistory":[]},"PrimaryGroupSID":"S-1-5-21-4078382237-1492182817-2568127209-516","AllowedToDelegate":[],"AllowedToAct":[],"HasSIDHistory":[],"Sessions":{"Results":[],"Collected":false,"FailureReason":"ERROR_ACCESS_DENIED"},"PrivilegedSessions":{"Results":[],"Collected":false,"FailureReason":null},"RegistrySessions":{"Results":[],"Collected":false,"FailureReason":null},"LocalAdmins":{"Results":[{"ObjectIdentifier":"S-1-5-21-4078382237-1492182817-2568127209-500","ObjectType":"User"},{"ObjectIdentifier":"S-1-5-21-4078382237-1492182817-2568127209-519","ObjectType":"Group"},{"ObjectIdentifier":"S-1-5-21-4078382237-1492182817-2568127209-512","ObjectType":"Group"}],"Collected":true,"FailureReason":null},"RemoteDesktopUsers":{"Results":[],"Collected":true,"FailureReason":null},"DcomUsers":{"Results":[],"Collected":true,"FailureReason":null},"PSRemoteUsers":{"Results":[{"ObjectIdentifier":"S-1-5-21-4078382237-1492182817-2568127209-1105","ObjectType":"User"},{"ObjectIdentifier":"S-1-5-21-4078382237-1492182817-2568127209-1106","ObjectType":"User"}],"Collected":true,"FailureReason":null},"Status":null,"Aces":[{"PrincipalSID":"S-1-5-21-4078382237-1492182817-2568127209-512","PrincipalType":"Group","RightName":"Owns","IsInherited":false},{"PrincipalSID":"S-1-5-21-4078382237-1492182817-2568127209-512","PrincipalType":"Group","RightName":"GenericAll","IsInherited":false},{"PrincipalSID":"S-1-5-21-4078382237-1492182817-2568127209-526","PrincipalType":"Group","RightName":"AddKeyCredentialLink","IsInherited":true},{"PrincipalSID":"S-1-5-21-4078382237-1492182817-2568127209-527","PrincipalType":"Group","RightName":"AddKeyCredentialLink","IsInherited":true},{"PrincipalSID":"S-1-5-21-4078382237-1492182817-2568127209-519","PrincipalType":"Group","RightName":"GenericAll","IsInherited":true},{"PrincipalSID":"SEQUEL.HTB-S-1-5-32-544","PrincipalType":"Group","RightName":"WriteDacl","IsInherited":true},{"PrincipalSID":"SEQUEL.HTB-S-1-5-32-544","PrincipalType":"Group","RightName":"WriteOwner","IsInherited":true},{"PrincipalSID":"SEQUEL.HTB-S-1-5-32-544","PrincipalType":"Group","RightName":"GenericWrite","IsInherited":true}],"ObjectIdentifier":"S-1-5-21-4078382237-1492182817-2568127209-1000","IsDeleted":false,"IsACLProtected":false}],"meta":{"methods":29675,"type":"computers","count":1,"version":5}}