﻿{"data":[{"Properties":{"domain":"SEQUEL.HTB","name":"ADMINSDHOLDER@SEQUEL.HTB","distinguishedname":"CN=ADMINSDHOLDER,CN=SYSTEM,DC=SEQUEL,DC=HTB","domainsid":"S-1-5-21-4078382237-1492182817-2568127209","highvalue":false},"ChildObjects":[],"Aces":[{"PrincipalSID":"S-1-5-21-4078382237-1492182817-2568127209-512","PrincipalType":"Group","RightName":"Owns","IsInherited":false},{"PrincipalSID":"SEQUEL.HTB-S-1-5-32-544","PrincipalType":"Group","RightName":"WriteDacl","IsInherited":false},{"PrincipalSID":"SEQUEL.HTB-S-1-5-32-544","PrincipalType":"Group","RightName":"WriteOwner","IsInherited":false},{"PrincipalSID":"S-1-5-21-4078382237-1492182817-2568127209-512","PrincipalType":"Group","RightName":"WriteDacl","IsInherited":false},{"PrincipalSID":"S-1-5-21-4078382237-1492182817-2568127209-512","PrincipalType":"Group","RightName":"WriteOwner","IsInherited":false},{"PrincipalSID":"S-1-5-21-4078382237-1492182817-2568127209-519","PrincipalType":"Group","RightName":"WriteDacl","IsInherited":false},{"PrincipalSID":"S-1-5-21-4078382237-1492182817-2568127209-519","PrincipalType":"Group","RightName":"WriteOwner","IsInherited":false}],"ObjectIdentifier":"051F6443-9215-428E-9D1F-F79108F49957","IsDeleted":false,"IsACLProtected":true},{"Properties":{"domain":"SEQUEL.HTB","name":"RAS AND IAS SERVERS ACCESS CHECK@SEQUEL.HTB","distinguishedname":"CN=RAS AND IAS SERVERS ACCESS CHECK,CN=SYSTEM,DC=SEQUEL,DC=HTB","domainsid":"S-1-5-21-4078382237-1492182817-2568127209","highvalue":false},"ChildObjects":[],"Aces":[{"PrincipalSID":"S-1-5-21-4078382237-1492182817-2568127209-512","PrincipalType":"Group","RightName":"Owns","IsInherited":false},{"PrincipalSID":"S-1-5-21-4078382237-1492182817-2568127209-553","PrincipalType":"Group","RightName":"WriteDacl","IsInherited":false},{"PrincipalSID":"S-1-5-21-4078382237-1492182817-2568127209-553","PrincipalType":"Group","RightName":"WriteOwner","IsInherited":false},{"PrincipalSID":"S-1-5-21-4078382237-1492182817-2568127209-519","PrincipalType":"Group","RightName":"GenericAll","IsInherited":true},{"PrincipalSID":"SEQUEL.HTB-S-1-5-32-544","PrincipalType":"Group","RightName":"WriteDacl","IsInherited":true},{"PrincipalSID":"SEQUEL.HTB-S-1-5-32-544","PrincipalType":"Group","RightName":"WriteOwner","IsInherited":true}],"ObjectIdentifier":"3DD81C8A-B314-4260-A598-240D3B0C8037","IsDeleted":false,"IsACLProtected":false},{"Properties":{"domain":"SEQUEL.HTB","name":"COMPARTITIONS@SEQUEL.HTB","distinguishedname":"CN=COMPARTITIONS,CN=SYSTEM,DC=SEQUEL,DC=HTB","domainsid":"S-1-5-21-4078382237-1492182817-2568127209","highvalue":false},"ChildObjects":[],"Aces":[{"PrincipalSID":"S-1-5-21-4078382237-1492182817-2568127209-512","PrincipalType":"Group","RightName":"Owns","IsInherited":false},{"PrincipalSID":"S-1-5-21-4078382237-1492182817-2568127209-512","PrincipalType":"Group","RightName":"WriteDacl","IsInherited":false},{"PrincipalSID":"S-1-5-21-4078382237-1492182817-2568127209-512","PrincipalType":"Group","RightName":"WriteOwner","IsInherited":false},{"PrincipalSID":"S-1-5-21-4078382237-1492182817-2568127209-519","PrincipalType":"Group","RightName":"GenericAll","IsInherited":true},{"PrincipalSID":"SEQUEL.HTB-S-1-5-32-544","PrincipalType":"Group","RightName":"WriteDacl","IsInherited":true},{"PrincipalSID":"SEQUEL.HTB-S-1-5-32-544","PrincipalType":"Group","RightName":"WriteOwner","IsInherited":true}],"ObjectIdentifier":"8CE80FE0-A747-409A-B62A-00D28C0FA34B","IsDeleted":false,"IsACLProtected":false},{"Properties":{"domain":"SEQUEL.HTB","name":"COMPARTITIONSETS@SEQUEL.HTB","distinguishedname":"CN=COMPARTITIONSETS,CN=SYSTEM,DC=SEQUEL,DC=HTB","domainsid":"S-1-5-21-4078382237-1492182817-2568127209","highvalue":false},"ChildObjects":[],"Aces":[{"PrincipalSID":"S-1-5-21-4078382237-1492182817-2568127209-512","PrincipalType":"Group","RightName":"Owns","IsInherited":false},{"PrincipalSID":"S-1-5-21-4078382237-1492182817-2568127209-512","PrincipalType":"Group","RightName":"WriteDacl","IsInherited":false},{"PrincipalSID":"S-1-5-21-4078382237-1492182817-2568127209-512","PrincipalType":"Group","RightName":"WriteOwner","IsInherited":false},{"PrincipalSID":"S-1-5-21-4078382237-1492182817-2568127209-519","PrincipalType":"Group","RightName":"GenericAll","IsInherited":true},{"PrincipalSID":"SEQUEL.HTB-S-1-5-32-544","PrincipalType":"Group","RightName":"WriteDacl","IsInherited":true},{"PrincipalSID":"SEQUEL.HTB-S-1-5-32-544","PrincipalType":"Group","RightName":"WriteOwner","IsInherited":true}],"ObjectIdentifier":"02968010-1E4B-4611-A0A4-17AB95984D04","IsDeleted":false,"IsACLProtected":false},{"Properties":{"domain":"SEQUEL.HTB","name":"SYSTEM@SEQUEL.HTB","distinguishedname":"CN=SYSTEM,DC=SEQUEL,DC=HTB","domainsid":"S-1-5-21-4078382237-1492182817-2568127209","highvalue":false},"ChildObjects":[],"Aces":[{"PrincipalSID":"S-1-5-21-4078382237-1492182817-2568127209-512","PrincipalType":"Group","RightName":"Owns","IsInherited":false},{"PrincipalSID":"S-1-5-21-4078382237-1492182817-2568127209-512","PrincipalType":"Group","RightName":"WriteDacl","IsInherited":false},{"PrincipalSID":"S-1-5-21-4078382237-1492182817-2568127209-512","PrincipalType":"Group","RightName":"WriteOwner","IsInherited":false},{"PrincipalSID":"S-1-5-21-4078382237-1492182817-2568127209-519","PrincipalType":"Group","RightName":"GenericAll","IsInherited":true},{"PrincipalSID":"SEQUEL.HTB-S-1-5-32-544","PrincipalType":"Group","RightName":"WriteDacl","IsInherited":true},{"PrincipalSID":"SEQUEL.HTB-S-1-5-32-544","PrincipalType":"Group","RightName":"WriteOwner","IsInherited":true}],"ObjectIdentifier":"3A01C992-84B0-4525-814D-C9A1F5B01133","IsDeleted":false,"IsACLProtected":false},{"Properties":{"domain":"SEQUEL.HTB","name":"FOREIGNSECURITYPRINCIPALS@SEQUEL.HTB","distinguishedname":"CN=FOREIGNSECURITYPRINCIPALS,DC=SEQUEL,DC=HTB","domainsid":"S-1-5-21-4078382237-1492182817-2568127209","highvalue":false},"ChildObjects":[],"Aces":[{"PrincipalSID":"S-1-5-21-4078382237-1492182817-2568127209-512","PrincipalType":"Group","RightName":"Owns","IsInherited":false},{"PrincipalSID":"S-1-5-21-4078382237-1492182817-2568127209-512","PrincipalType":"Group","RightName":"GenericAll","IsInherited":false},{"PrincipalSID":"S-1-5-21-4078382237-1492182817-2568127209-519","PrincipalType":"Group","RightName":"GenericAll","IsInherited":true},{"PrincipalSID":"SEQUEL.HTB-S-1-5-32-544","PrincipalType":"Group","RightName":"WriteDacl","IsInherited":true},{"PrincipalSID":"SEQUEL.HTB-S-1-5-32-544","PrincipalType":"Group","RightName":"WriteOwner","IsInherited":true}],"ObjectIdentifier":"613F23BE-EB4E-4C81-A4B7-B576C5CDA03A","IsDeleted":false,"IsACLProtected":false},{"Properties":{"domain":"SEQUEL.HTB","name":"MANAGED SERVICE ACCOUNTS@SEQUEL.HTB","distinguishedname":"CN=MANAGED SERVICE ACCOUNTS,DC=SEQUEL,DC=HTB","domainsid":"S-1-5-21-4078382237-1492182817-2568127209","highvalue":false},"ChildObjects":[],"Aces":[{"PrincipalSID":"S-1-5-21-4078382237-1492182817-2568127209-512","PrincipalType":"Group","RightName":"Owns","IsInherited":false},{"PrincipalSID":"S-1-5-21-4078382237-1492182817-2568127209-512","PrincipalType":"Group","RightName":"WriteDacl","IsInherited":false},{"PrincipalSID":"S-1-5-21-4078382237-1492182817-2568127209-512","PrincipalType":"Group","RightName":"WriteOwner","IsInherited":false},{"PrincipalSID":"S-1-5-21-4078382237-1492182817-2568127209-519","PrincipalType":"Group","RightName":"GenericAll","IsInherited":true},{"PrincipalSID":"SEQUEL.HTB-S-1-5-32-544","PrincipalType":"Group","RightName":"WriteDacl","IsInherited":true},{"PrincipalSID":"SEQUEL.HTB-S-1-5-32-544","PrincipalType":"Group","RightName":"WriteOwner","IsInherited":true}],"ObjectIdentifier":"DC4756B6-C2B3-47D7-80E6-74B2A4AEE29C","IsDeleted":false,"IsACLProtected":false},{"Properties":{"domain":"SEQUEL.HTB","name":"PROGRAM DATA@SEQUEL.HTB","distinguishedname":"CN=PROGRAM DATA,DC=SEQUEL,DC=HTB","domainsid":"S-1-5-21-4078382237-1492182817-2568127209","highvalue":false},"ChildObjects":[],"Aces":[{"PrincipalSID":"S-1-5-21-4078382237-1492182817-2568127209-512","PrincipalType":"Group","RightName":"Owns","IsInherited":false},{"PrincipalSID":"S-1-5-21-4078382237-1492182817-2568127209-512","PrincipalType":"Group","RightName":"GenericAll","IsInherited":false},{"PrincipalSID":"S-1-5-21-4078382237-1492182817-2568127209-519","PrincipalType":"Group","RightName":"GenericAll","IsInherited":true},{"PrincipalSID":"SEQUEL.HTB-S-1-5-32-544","PrincipalType":"Group","RightName":"WriteDacl","IsInherited":true},{"PrincipalSID":"SEQUEL.HTB-S-1-5-32-544","PrincipalType":"Group","RightName":"WriteOwner","IsInherited":true}],"ObjectIdentifier":"8D5CA1B4-D43A-4B2E-B4EE-8FC26F2817DB","IsDeleted":false,"IsACLProtected":false},{"Properties":{"domain":"SEQUEL.HTB","name":"PSPS@SEQUEL.HTB","distinguishedname":"CN=PSPS,CN=SYSTEM,DC=SEQUEL,DC=HTB","domainsid":"S-1-5-21-4078382237-1492182817-2568127209","highvalue":false},"ChildObjects":[],"Aces":[{"PrincipalSID":"S-1-5-21-4078382237-1492182817-2568127209-512","PrincipalType":"Group","RightName":"Owns","IsInherited":false},{"PrincipalSID":"S-1-5-21-4078382237-1492182817-2568127209-512","PrincipalType":"Group","RightName":"GenericAll","IsInherited":false},{"PrincipalSID":"S-1-5-21-4078382237-1492182817-2568127209-519","PrincipalType":"Group","RightName":"GenericAll","IsInherited":true},{"PrincipalSID":"SEQUEL.HTB-S-1-5-32-544","PrincipalType":"Group","RightName":"WriteDacl","IsInherited":true},{"PrincipalSID":"SEQUEL.HTB-S-1-5-32-544","PrincipalType":"Group","RightName":"WriteOwner","IsInherited":true}],"ObjectIdentifier":"B4A2EB23-3263-490B-8A01-6F57CCC4924F","IsDeleted":false,"IsACLProtected":false},{"Properties":{"domain":"SEQUEL.HTB","name":"POLICIES@SEQUEL.HTB","distinguishedname":"CN=POLICIES,CN=SYSTEM,DC=SEQUEL,DC=HTB","domainsid":"S-1-5-21-4078382237-1492182817-2568127209","highvalue":false},"ChildObjects":[],"Aces":[{"PrincipalSID":"S-1-5-21-4078382237-1492182817-2568127209-512","PrincipalType":"Group","RightName":"Owns","IsInherited":false},{"PrincipalSID":"S-1-5-21-4078382237-1492182817-2568127209-512","PrincipalType":"Group","RightName":"WriteDacl","IsInherited":false},{"PrincipalSID":"S-1-5-21-4078382237-1492182817-2568127209-512","PrincipalType":"Group","RightName":"WriteOwner","IsInherited":false},{"PrincipalSID":"S-1-5-21-4078382237-1492182817-2568127209-519","PrincipalType":"Group","RightName":"GenericAll","IsInherited":true},{"PrincipalSID":"SEQUEL.HTB-S-1-5-32-544","PrincipalType":"Group","RightName":"WriteDacl","IsInherited":true},{"PrincipalSID":"SEQUEL.HTB-S-1-5-32-544","PrincipalType":"Group","RightName":"WriteOwner","IsInherited":true}],"ObjectIdentifier":"8022D098-8016-47E8-AF20-56DC49644D33","IsDeleted":false,"IsACLProtected":false},{"Properties":{"domain":"SEQUEL.HTB","name":"MICROSOFT@SEQUEL.HTB","distinguishedname":"CN=MICROSOFT,CN=PROGRAM DATA,DC=SEQUEL,DC=HTB","domainsid":"S-1-5-21-4078382237-1492182817-2568127209","highvalue":false},"ChildObjects":[],"Aces":[{"PrincipalSID":"S-1-5-21-4078382237-1492182817-2568127209-512","PrincipalType":"Group","RightName":"Owns","IsInherited":false},{"PrincipalSID":"S-1-5-21-4078382237-1492182817-2568127209-512","PrincipalType":"Group","RightName":"GenericAll","IsInherited":false},{"PrincipalSID":"S-1-5-21-4078382237-1492182817-2568127209-519","PrincipalType":"Group","RightName":"GenericAll","IsInherited":true},{"PrincipalSID":"SEQUEL.HTB-S-1-5-32-544","PrincipalType":"Group","RightName":"WriteDacl","IsInherited":true},{"PrincipalSID":"SEQUEL.HTB-S-1-5-32-544","PrincipalType":"Group","RightName":"WriteOwner","IsInherited":true}],"ObjectIdentifier":"FBDF48AC-3035-4A46-B016-2C38F139F4E8","IsDeleted":false,"IsACLProtected":false},{"Properties":{"domain":"SEQUEL.HTB","name":"POLICYTEMPLATE@SEQUEL.HTB","distinguishedname":"CN=POLICYTEMPLATE,CN=WMIPOLICY,CN=SYSTEM,DC=SEQUEL,DC=HTB","domainsid":"S-1-5-21-4078382237-1492182817-2568127209","highvalue":false},"ChildObjects":[],"Aces":[{"PrincipalSID":"S-1-5-21-4078382237-1492182817-2568127209-512","PrincipalType":"Group","RightName":"Owns","IsInherited":false},{"PrincipalSID":"S-1-5-21-4078382237-1492182817-2568127209-512","PrincipalType":"Group","RightName":"WriteDacl","IsInherited":false},{"PrincipalSID":"S-1-5-21-4078382237-1492182817-2568127209-512","PrincipalType":"Group","RightName":"WriteOwner","IsInherited":false},{"PrincipalSID":"S-1-5-21-4078382237-1492182817-2568127209-519","PrincipalType":"Group","RightName":"GenericAll","IsInherited":true},{"PrincipalSID":"S-1-5-21-4078382237-1492182817-2568127209-512","PrincipalType":"Group","RightName":"GenericAll","IsInherited":true}],"ObjectIdentifier":"D141D74D-F94D-4339-9AAE-14C83D9A0FB6","IsDeleted":false,"IsACLProtected":false},{"Properties":{"domain":"SEQUEL.HTB","name":"WMIPOLICY@SEQUEL.HTB","distinguishedname":"CN=WMIPOLICY,CN=SYSTEM,DC=SEQUEL,DC=HTB","domainsid":"S-1-5-21-4078382237-1492182817-2568127209","highvalue":false},"ChildObjects":[],"Aces":[{"PrincipalSID":"S-1-5-21-4078382237-1492182817-2568127209-512","PrincipalType":"Group","RightName":"Owns","IsInherited":false},{"PrincipalSID":"S-1-5-21-4078382237-1492182817-2568127209-512","PrincipalType":"Group","RightName":"GenericAll","IsInherited":false},{"PrincipalSID":"S-1-5-21-4078382237-1492182817-2568127209-519","PrincipalType":"Group","RightName":"GenericAll","IsInherited":false}],"ObjectIdentifier":"0FDDE040-334A-4B5E-ADBB-A90B90D288E1","IsDeleted":false,"IsACLProtected":true},{"Properties":{"domain":"SEQUEL.HTB","name":"WINSOCKSERVICES@SEQUEL.HTB","distinguishedname":"CN=WINSOCKSERVICES,CN=SYSTEM,DC=SEQUEL,DC=HTB","domainsid":"S-1-5-21-4078382237-1492182817-2568127209","highvalue":false},"ChildObjects":[],"Aces":[{"PrincipalSID":"S-1-5-21-4078382237-1492182817-2568127209-512","PrincipalType":"Group","RightName":"Owns","IsInherited":false},{"PrincipalSID":"S-1-5-21-4078382237-1492182817-2568127209-512","PrincipalType":"Group","RightName":"WriteDacl","IsInherited":false},{"PrincipalSID":"S-1-5-21-4078382237-1492182817-2568127209-512","PrincipalType":"Group","RightName":"WriteOwner","IsInherited":false},{"PrincipalSID":"S-1-5-21-4078382237-1492182817-2568127209-519","PrincipalType":"Group","RightName":"GenericAll","IsInherited":true},{"PrincipalSID":"SEQUEL.HTB-S-1-5-32-544","PrincipalType":"Group","RightName":"WriteDacl","IsInherited":true},{"PrincipalSID":"SEQUEL.HTB-S-1-5-32-544","PrincipalType":"Group","RightName":"WriteOwner","IsInherited":true}],"ObjectIdentifier":"E35E9848-3EDB-4E59-9B61-60EE6FF2D674","IsDeleted":false,"IsACLProtected":false},{"Properties":{"domain":"SEQUEL.HTB","name":"RPCSERVICES@SEQUEL.HTB","distinguishedname":"CN=RPCSERVICES,CN=SYSTEM,DC=SEQUEL,DC=HTB","domainsid":"S-1-5-21-4078382237-1492182817-2568127209","highvalue":false},"ChildObjects":[],"Aces":[{"PrincipalSID":"S-1-5-21-4078382237-1492182817-2568127209-512","PrincipalType":"Group","RightName":"Owns","IsInherited":false},{"PrincipalSID":"S-1-5-21-4078382237-1492182817-2568127209-512","PrincipalType":"Group","RightName":"WriteDacl","IsInherited":false},{"PrincipalSID":"S-1-5-21-4078382237-1492182817-2568127209-512","PrincipalType":"Group","RightName":"WriteOwner","IsInherited":false},{"PrincipalSID":"S-1-5-21-4078382237-1492182817-2568127209-519","PrincipalType":"Group","RightName":"GenericAll","IsInherited":true},{"PrincipalSID":"SEQUEL.HTB-S-1-5-32-544","PrincipalType":"Group","RightName":"WriteDacl","IsInherited":true},{"PrincipalSID":"SEQUEL.HTB-S-1-5-32-544","PrincipalType":"Group","RightName":"WriteOwner","IsInherited":true}],"ObjectIdentifier":"30D6A658-988D-45F2-87AE-57EF8028D9FD","IsDeleted":false,"IsACLProtected":false},{"Properties":{"domain":"SEQUEL.HTB","name":"MEETINGS@SEQUEL.HTB","distinguishedname":"CN=MEETINGS,CN=SYSTEM,DC=SEQUEL,DC=HTB","domainsid":"S-1-5-21-4078382237-1492182817-2568127209","highvalue":false},"ChildObjects":[],"Aces":[{"PrincipalSID":"S-1-5-21-4078382237-1492182817-2568127209-512","PrincipalType":"Group","RightName":"Owns","IsInherited":false},{"PrincipalSID":"S-1-5-21-4078382237-1492182817-2568127209-512","PrincipalType":"Group","RightName":"WriteDacl","IsInherited":false},{"PrincipalSID":"S-1-5-21-4078382237-1492182817-2568127209-512","PrincipalType":"Group","RightName":"WriteOwner","IsInherited":false},{"PrincipalSID":"S-1-5-21-4078382237-1492182817-2568127209-519","PrincipalType":"Group","RightName":"GenericAll","IsInherited":true},{"PrincipalSID":"SEQUEL.HTB-S-1-5-32-544","PrincipalType":"Group","RightName":"WriteDacl","IsInherited":true},{"PrincipalSID":"SEQUEL.HTB-S-1-5-32-544","PrincipalType":"Group","RightName":"WriteOwner","IsInherited":true}],"ObjectIdentifier":"9A87BA18-D70F-4708-AD7E-AB5621003F04","IsDeleted":false,"IsACLProtected":false},{"Properties":{"domain":"SEQUEL.HTB","name":"SOM@SEQUEL.HTB","distinguishedname":"CN=SOM,CN=WMIPOLICY,CN=SYSTEM,DC=SEQUEL,DC=HTB","domainsid":"S-1-5-21-4078382237-1492182817-2568127209","highvalue":false},"ChildObjects":[],"Aces":[{"PrincipalSID":"S-1-5-21-4078382237-1492182817-2568127209-512","PrincipalType":"Group","RightName":"Owns","IsInherited":false},{"PrincipalSID":"S-1-5-21-4078382237-1492182817-2568127209-512","PrincipalType":"Group","RightName":"GenericAll","IsInherited":false},{"PrincipalSID":"S-1-5-21-4078382237-1492182817-2568127209-519","PrincipalType":"Group","RightName":"GenericAll","IsInherited":false}],"ObjectIdentifier":"C6AD8FF7-5693-431A-A6B8-9CCFC9DA0A90","IsDeleted":false,"IsACLProtected":true},{"Properties":{"domain":"SEQUEL.HTB","name":"COMPUTERS@SEQUEL.HTB","distinguishedname":"CN=COMPUTERS,DC=SEQUEL,DC=HTB","domainsid":"S-1-5-21-4078382237-1492182817-2568127209","highvalue":false},"ChildObjects":[],"Aces":[{"PrincipalSID":"S-1-5-21-4078382237-1492182817-2568127209-512","PrincipalType":"Group","RightName":"Owns","IsInherited":false},{"PrincipalSID":"S-1-5-21-4078382237-1492182817-2568127209-512","PrincipalType":"Group","RightName":"WriteDacl","IsInherited":false},{"PrincipalSID":"S-1-5-21-4078382237-1492182817-2568127209-512","PrincipalType":"Group","RightName":"WriteOwner","IsInherited":false},{"PrincipalSID":"S-1-5-21-4078382237-1492182817-2568127209-519","PrincipalType":"Group","RightName":"GenericAll","IsInherited":true},{"PrincipalSID":"SEQUEL.HTB-S-1-5-32-544","PrincipalType":"Group","RightName":"WriteDacl","IsInherited":true},{"PrincipalSID":"SEQUEL.HTB-S-1-5-32-544","PrincipalType":"Group","RightName":"WriteOwner","IsInherited":true}],"ObjectIdentifier":"E503D271-69B8-40A5-AA07-EEA475DD74CB","IsDeleted":false,"IsACLProtected":false},{"Properties":{"domain":"SEQUEL.HTB","name":"POLICYTYPE@SEQUEL.HTB","distinguishedname":"CN=POLICYTYPE,CN=WMIPOLICY,CN=SYSTEM,DC=SEQUEL,DC=HTB","domainsid":"S-1-5-21-4078382237-1492182817-2568127209","highvalue":false},"ChildObjects":[],"Aces":[{"PrincipalSID":"S-1-5-21-4078382237-1492182817-2568127209-512","PrincipalType":"Group","RightName":"Owns","IsInherited":false},{"PrincipalSID":"S-1-5-21-4078382237-1492182817-2568127209-512","PrincipalType":"Group","RightName":"WriteDacl","IsInherited":false},{"PrincipalSID":"S-1-5-21-4078382237-1492182817-2568127209-512","PrincipalType":"Group","RightName":"WriteOwner","IsInherited":false},{"PrincipalSID":"S-1-5-21-4078382237-1492182817-2568127209-519","PrincipalType":"Group","RightName":"GenericAll","IsInherited":true},{"PrincipalSID":"S-1-5-21-4078382237-1492182817-2568127209-512","PrincipalType":"Group","RightName":"GenericAll","IsInherited":true}],"ObjectIdentifier":"4BBA495D-9C07-41D0-9967-E51C77726328","IsDeleted":false,"IsACLProtected":false},{"Properties":{"domain":"SEQUEL.HTB","name":"WMIGPO@SEQUEL.HTB","distinguishedname":"CN=WMIGPO,CN=WMIPOLICY,CN=SYSTEM,DC=SEQUEL,DC=HTB","domainsid":"S-1-5-21-4078382237-1492182817-2568127209","highvalue":false},"ChildObjects":[],"Aces":[{"PrincipalSID":"S-1-5-21-4078382237-1492182817-2568127209-512","PrincipalType":"Group","RightName":"Owns","IsInherited":false},{"PrincipalSID":"S-1-5-21-4078382237-1492182817-2568127209-512","PrincipalType":"Group","RightName":"WriteDacl","IsInherited":false},{"PrincipalSID":"S-1-5-21-4078382237-1492182817-2568127209-512","PrincipalType":"Group","RightName":"WriteOwner","IsInherited":false},{"PrincipalSID":"S-1-5-21-4078382237-1492182817-2568127209-519","PrincipalType":"Group","RightName":"GenericAll","IsInherited":true},{"PrincipalSID":"S-1-5-21-4078382237-1492182817-2568127209-512","PrincipalType":"Group","RightName":"GenericAll","IsInherited":true}],"ObjectIdentifier":"C9C94FB1-3A5F-41A0-BCC3-AE433E076CBD","IsDeleted":false,"IsACLProtected":false},{"Properties":{"domain":"SEQUEL.HTB","name":"USERS@SEQUEL.HTB","distinguishedname":"CN=USERS,DC=SEQUEL,DC=HTB","domainsid":"S-1-5-21-4078382237-1492182817-2568127209","highvalue":false},"ChildObjects":[{"ObjectIdentifier":"S-1-5-21-4078382237-1492182817-2568127209-500","ObjectType":"User"},{"ObjectIdentifier":"S-1-5-21-4078382237-1492182817-2568127209-571","ObjectType":"Group"},{"ObjectIdentifier":"S-1-5-21-4078382237-1492182817-2568127209-1104","ObjectType":"User"},{"ObjectIdentifier":"S-1-5-21-4078382237-1492182817-2568127209-517","ObjectType":"Group"},{"ObjectIdentifier":"S-1-5-21-4078382237-1492182817-2568127209-522","ObjectType":"Group"},{"ObjectIdentifier":"S-1-5-21-4078382237-1492182817-2568127209-572","ObjectType":"Group"},{"ObjectIdentifier":"S-1-5-21-4078382237-1492182817-2568127209-1101","ObjectType":"Group"},{"ObjectIdentifier":"S-1-5-21-4078382237-1492182817-2568127209-1102","ObjectType":"Group"},{"ObjectIdentifier":"S-1-5-21-4078382237-1492182817-2568127209-512","ObjectType":"Group"},{"ObjectIdentifier":"S-1-5-21-4078382237-1492182817-2568127209-515","ObjectType":"Group"},{"ObjectIdentifier":"S-1-5-21-4078382237-1492182817-2568127209-516","ObjectType":"Group"},{"ObjectIdentifier":"S-1-5-21-4078382237-1492182817-2568127209-514","ObjectType":"Group"},{"ObjectIdentifier":"S-1-5-21-4078382237-1492182817-2568127209-513","ObjectType":"Group"},{"ObjectIdentifier":"S-1-5-21-4078382237-1492182817-2568127209-519","ObjectType":"Group"},{"ObjectIdentifier":"S-1-5-21-4078382237-1492182817-2568127209-527","ObjectType":"Group"},{"ObjectIdentifier":"S-1-5-21-4078382237-1492182817-2568127209-498","ObjectType":"Group"},{"ObjectIdentifier":"S-1-5-21-4078382237-1492182817-2568127209-520","ObjectType":"Group"},{"ObjectIdentifier":"S-1-5-21-4078382237-1492182817-2568127209-501","ObjectType":"User"},{"ObjectIdentifier":"S-1-5-21-4078382237-1492182817-2568127209-1107","ObjectType":"User"},{"ObjectIdentifier":"S-1-5-21-4078382237-1492182817-2568127209-526","ObjectType":"Group"},{"ObjectIdentifier":"S-1-5-21-4078382237-1492182817-2568127209-502","ObjectType":"User"},{"ObjectIdentifier":"S-1-5-21-4078382237-1492182817-2568127209-1108","ObjectType":"User"},{"ObjectIdentifier":"S-1-5-21-4078382237-1492182817-2568127209-525","ObjectType":"Group"},{"ObjectIdentifier":"S-1-5-21-4078382237-1492182817-2568127209-553","ObjectType":"Group"},{"ObjectIdentifier":"S-1-5-21-4078382237-1492182817-2568127209-521","ObjectType":"Group"},{"ObjectIdentifier":"S-1-5-21-4078382237-1492182817-2568127209-1105","ObjectType":"User"},{"ObjectIdentifier":"S-1-5-21-4078382237-1492182817-2568127209-518","ObjectType":"Group"},{"ObjectIdentifier":"S-1-5-21-4078382237-1492182817-2568127209-1106","ObjectType":"User"},{"ObjectIdentifier":"S-1-5-21-4078382237-1492182817-2568127209-1109","ObjectType":"Group"},{"ObjectIdentifier":"S-1-5-21-4078382237-1492182817-2568127209-1103","ObjectType":"User"}],"Aces":[{"PrincipalSID":"S-1-5-21-4078382237-1492182817-2568127209-512","PrincipalType":"Group","RightName":"Owns","IsInherited":false},{"PrincipalSID":"S-1-5-21-4078382237-1492182817-2568127209-512","PrincipalType":"Group","RightName":"WriteDacl","IsInherited":false},{"PrincipalSID":"S-1-5-21-4078382237-1492182817-2568127209-512","PrincipalType":"Group","RightName":"WriteOwner","IsInherited":false},{"PrincipalSID":"S-1-5-21-4078382237-1492182817-2568127209-519","PrincipalType":"Group","RightName":"GenericAll","IsInherited":true},{"PrincipalSID":"SEQUEL.HTB-S-1-5-32-544","PrincipalType":"Group","RightName":"WriteDacl","IsInherited":true},{"PrincipalSID":"SEQUEL.HTB-S-1-5-32-544","PrincipalType":"Group","RightName":"WriteOwner","IsInherited":true}],"ObjectIdentifier":"69833178-7DB0-4D0A-BCF5-CB5549F87274","IsDeleted":false,"IsACLProtected":false}],"meta":{"methods":29675,"type":"containers","count":21,"version":5}}